scafnum	widx	chrom	start	end	mid	fst	var_jk	genes	t	fbin	N_bin	tcrit	outlier
1	0	SCAF_1	32207	1988110	1010158.5	0.618026618779105	0.000644453705388424	LOC140345085,LOC140362933,LOC140352314,LOC140363111,crnkl1,cfap61,LOC140356925,e2f6,LOC140359811,rps7,LOC140362666,xrn2,LOC140369645,cebpz,ndufaf7,LOC140362751,cnksr3,lgals8a,tmem242,znf512,slc30a2,LOC140346139,cad,ift172,LOC140347062,LOC140370675	-0.47667364139972	0.6	145	3.50292622822017	FALSE
1	1	SCAF_1	2001049	2586672	2293860.5	0.625638004711563	0.000787090884285029	galnt14,angel2,vash2,LOC140362760,LOC140381115,LOC140355587,LOC140362766,LOC140362774,LOC140362782	-0.402415518988416	0.6	145	3.50292622822017	FALSE
1	2	SCAF_1	2587234	3478725	3032979.5	0.577416967611375	0.000837995815975548	LOC140362782,LOC140363156,LOC140363162,chga,stx7l,LOC140352315,dpf3,wdr21,LOC140356489,zfyve1,vps18,ino80,dll4	-0.852027926702371	0.55	91	3.36155570775314	FALSE
1	3	SCAF_1	3481983	4712131	4097057	0.72173764425042	0.000577845449833325	fundc1,LOC140357029,LOC140358650,adamts5,adamts1,cyyr1,appa,jam2a,mrpl39,LOC140359033,mbnl2,LOC140363199	0.502027493670152	0.7	270	3.68590298861305	FALSE
1	4	SCAF_1	4717581	5739573	5228577	0.72823101063143	0.000550964120039483	LOC140363199,pard3ba,LOC140359235,LOC140359470,LOC140359691,LOC140363204,cacnb4b,LOC140359757,kpnb3,LOC140362797,creb3l1	0.564070308787877	0.7	270	3.68590298861305	FALSE
1	5	SCAF_1	5761487	7135603	6448545	0.664194676055193	0.00068257646313404	cab39l,LOC140360839,LOC140360960,LOC140361154,LOC140361709,zc3h13,raph1b,LOC140362598,fastkd2,mdh1b,retreg2,LOC140362830,LOC140363135,LOC140363328,bco1l,LOC140365177,LOC140364397,agap1,LOC140364351,LOC140362814,LOC140362823,senp7b,LOC140365254,f2,LOC140363219,LOC140364806,fbxo3,eef1b2,cd59a,LOC140363226	-0.0415859700746759	0.65	223	3.63025993962302	FALSE
1	6	SCAF_1	7143414	8078074	7610744	0.663993898307202	0.000542642338164529	LOC140366634,setdb2,creg1,dnajc27,xdh,LOC140364492,LOC140364501,LOC140367277,sytl3,ezrb,tagapb,ppp2r5a,dtl,ints7,lpgat1,nek2,slc30a1a,rd3,LOC140364527,rhag,capn3b,LOC140368326,ttbk2b,mideasa,LOC140363240,LOC140369238,LOC140363246,apobb.1,pdia6	-0.04374627371061	0.65	223	3.63025993962302	FALSE
1	7	SCAF_1	8152404	9202945	8677674.5	0.767541438887973	0.000303504031314244	LOC140370580,LOC140370157,sobpb,LOC140371098,LOC140370936,LOC140371426,LOC140362886,LOC140371509,aamp,LOC140363256,ical1,LOC140372336,LOC140372450,LOC140372718,dpp4,kcnh7	0.946562547569559	0.75	143	3.49876676547149	FALSE
1	8	SCAF_1	9206289	10306035	9756162	0.762770239727311	0.000520747032058009	kcnh7,LOC140373560,scn1lab,xirp2a,LOC140374165,abcc4,LOC140376589,LOC140376915,gpr137c,nid2a,ptger2a,LOC140377815,LOC140378291	0.892081888557449	0.75	143	3.49876676547149	FALSE
1	9	SCAF_1	10353021	11383275	10868148	0.713134614112463	0.000511682115738284	slitrk6	0.421973498680085	0.7	270	3.68590298861305	FALSE
1	10	SCAF_1	11386515	11967192	11676853.5	0.604626711437343	0.000962372118036589	""	-0.594600793347521	0.6	145	3.50292622822017	FALSE
1	11	SCAF_1	11968879	12776979	12372929	0.691567783908947	0.000646830867779421	ndfip2,LOC140379220,LOC140379634,LOC140379787	0.21624331171072	0.65	223	3.63025993962302	FALSE
1	12	SCAF_1	12782461	13654543	13218502	0.669825430781611	0.00052071886826442	LOC140379787,cfap221,sctr,LOC140380085,LOC140380476,rp1l1a,LOC140380682,clic5a,mgat5,LOC140381151,ccnt2b,zranb3,LOC140381374	0.0114624913007719	0.65	223	3.63025993962302	FALSE
1	13	SCAF_1	13660052	14966976	14313514	0.785352078121166	0.000382144229721778	rnd3a,mmadhca,LOC140382174,LOC140363303,fdx1,nbeal1,trak2,LOC140345408,LOC140362912,LOC140346403,slx9,LOC140346972,runx1,urp2,LOC140347272	1.11298253912866	0.75	143	3.49876676547149	FALSE
1	14	SCAF_1	14967967	15755213	15361590	0.682063613753597	0.000631919625491725	nlgn4xa,pudp,sts,LOC140348056,dusp27,LOC140348433,cybb,LOC140364714,eif5b,LOC140348843,LOC140349005,tmem198ab,rpgrb	0.126783889556114	0.65	223	3.63025993962302	FALSE
1	15	SCAF_1	15755249	16825900	16290574.5	0.76586701384232	0.000401952905731196	rpgrb,LOC140349499,nhej1,LOC140350107,stk33,LOC140351372,lig4,LOC140352516,LOC140353147,tubgcp3,LOC140353765,gpr180,LOC140354231,ddx3xb,LOC140354560,ptgfrnb,fam184aa,LOC140354626,LOC140354593,LOC140354639	0.926375420456833	0.75	143	3.49876676547149	FALSE
1	16	SCAF_1	16834360	17841620	17337990	0.82379969228252	0.000312995373888754	syndig1l,vrtn,slc25a47a,ppp2r5cb,hsp90aa1.2,wdr20b,mgat2	1.48421973864983	0.8	28	2.98439383856425	FALSE
1	17	SCAF_1	17865247	18624958	18245102.5	0.735725400784721	0.000515518461639351	LOC140354755,mdga2a,fkbp3,prpf39,arf6a	0.63599081377887	0.7	270	3.68590298861305	FALSE
1	18	SCAF_1	18640061	19445347	19042704	0.854644679139335	0.000220783434427785	LOC140354745,naa30,LOC140364785,cipcb,znf410,LOC140354787,LOC140364820,lrfn5b,yy1b,evlb,LOC140354805,LOC140354940	1.78678078966502	0.85	3	2.15785653159225	FALSE
1	19	SCAF_1	19446639	20401544	19924091.5	0.817791127074826	0.000234065447518211	mgab,pak5,LOC140354994,LOC140354967,fermt1,trmt6,gpcpd1,napbb,gzf1	1.43193101306631	0.8	28	2.98439383856425	FALSE
1	20	SCAF_1	20420057	20910282	20665169.5	0.814545751880695	0.000285871495119278	trib2,LOC140355276	1.39744742621148	0.8	28	2.98439383856425	FALSE
1	21	SCAF_1	20917214	21463410	21190312	0.483055279654235	0.000683966433770553	LOC140355276,atad2b,ubxn2a,mfsd2b,wdcp,fkbp1b,mmut,opn8b	-1.74537890909596	0.45	31	3.01821727293924	FALSE
1	22	SCAF_1	21466485	22020320	21743402.5	0.618378288340319	0.000587366155090945	opn8b,opn8a,runx2b,clic5b,enpp5,hmgn3,phip,LOC140355377	-0.474564213568689	0.6	145	3.50292622822017	FALSE
1	23	SCAF_1	22021763	22553172	22287467.5	0.701024756005627	0.000588248838687608	LOC140355468,epha7	0.306138988423029	0.7	270	3.68590298861305	FALSE
1	24	SCAF_1	22554695	23680730	23117712.5	0.647163740546738	0.000729225201462958	bach2b,mdn1,LOC140355619,ube2j1,LOC140355638,cfap206,LOC140355774,LOC140363435,rmdn3,rad51,znf292b,lrfn2b,lama4,tnfrsf21,cd2ap,opn5,ptchd4,cnih3	-0.20137347230878	0.6	145	3.50292622822017	FALSE
1	25	SCAF_1	23683814	24026253	23855033.5	0.568308360570291	0.000630147240124278	cnih3,enpp1,kcnk3a,slc35f6,pex7,slc35d3,txlnba	-0.945743492730182	0.55	91	3.36155570775314	FALSE
1	26	SCAF_1	24026566	24437039	24231802.5	0.544270939775476	0.000494353694651025	LOC140363536,gje1a,vta1,adgrg6,LOC140364967	-1.17952036516568	0.5	38	3.08510909216493	FALSE
1	27	SCAF_1	24439684	25368308	24903996	0.729661535062484	0.000608899681648152	LOC140364967,hivep2a,aig1,spata45,flvcr1,fkbp6,tmem244,tmem200a,epb41l2,itpkb,stum,ehd3,il20ra,med23,LOC140356210,trdn,nkain2	0.576113534900522	0.7	270	3.68590298861305	FALSE
1	28	SCAF_1	25370586	26373920	25872253	0.772190628741455	0.000547419069270036	nkain2,rnf217,tpd52l1,LOC140356196,LOC140356188,LOC140356231,LOC140356319,LOC140356428,faxca,tmem63a,rsph9,vegfab,LOC140356414,adcy3b,wdr26b,fez2b,itsn2a,nbas	0.980164052666128	0.75	143	3.49876676547149	FALSE
1	29	SCAF_1	26381542	27272605	26827073.5	0.5315455357983	0.000883020650217786	scml4,ppp1r14c,map7b,LOC140356672,hbs1l,aldh8a1,sgk1,LOC140356942,tbpl1,eya4,LOC140356768,sh3bgrl2,lca5,fam167ab,ccm2,xkr6b,mtmr9,pinx1,sox7,rp1l1b,fndc4a,LOC140357070,LOC140357096,znf513a,snx17,eif2b4	-1.2780751236343	0.5	38	3.08510909216493	FALSE
1	30	SCAF_1	27272949	27824410	27548679.5	0.576168431695025	0.000764930871206234	chrna2b,ptk2bb,batf,LOC140357448,LOC140357464,ylpm1,LOC140363601,LOC140357528,LOC140357564,eif2b2,LOC140357599,acss1,LOC140357888,LOC140357799	-0.866459709289137	0.55	91	3.36155570775314	FALSE
1	31	SCAF_1	27824637	28518818	28171727.5	0.629100744997503	0.000517853544815411	LOC140357799,ppp1r13bb,LOC140363634,ncoa7b,gata4,fdft1,ctsbb,LOC140357726,prkg3,kcnk2b,snx9b,LOC140357814,LOC140357902,LOC140357910,LOC140357930,LOC140357916,LOC140357945,parp1,nhsl1b	-0.374438246210411	0.6	145	3.50292622822017	FALSE
1	32	SCAF_1	28535003	29252138	28893570.5	0.668157527737964	0.000557665985939248	acp1,fbxo25,LOC140358037,LOC140363663,mettl24,slc22a16,usta,sash1a,stxbp5a	-0.0043331441039566	0.65	223	3.63025993962302	FALSE
1	33	SCAF_1	29253526	29775127	29514326.5	0.758343089541645	0.00057672628878473	stxbp5a,adgb,rab32a,grm1a,epm2a,utrn,stx11b.1,mthfd1l	0.848008160636453	0.75	143	3.49876676547149	FALSE
1	34	SCAF_1	29781248	30894436	30337842	0.782198274721787	0.000383369106193639	akap12b,esr1,syne1a,serac1,tmem181,tulp4a,cd164,sesn1,foxo3b,afg1lb,snx3,nr2e1,ostm1,igf2r,LOC140358554,LOC140358564,vgll2a,rfx6,tdrd15,afdna,unc93a,ncoa1,fam184ab	1.08285343131496	0.75	143	3.49876676547149	FALSE
1	35	SCAF_1	30896341	31738380	31317360.5	0.711169518145098	0.000501691545391202	fam184ab,man1a1,tbc1d32,clec11a,sprtn,trim67,LOC140359147	0.40352846360978	0.7	270	3.68590298861305	FALSE
1	36	SCAF_1	31743755	32613365	32178560	0.834258765601939	0.000289214490537995	scara5,pbk,esco2,tmem214,mapre3b,LOC140358786,LOC140358743,LOC140359218,kif3ca,rab10,lbr,slc5a6a,tab2,slc16a10,rev3l,LOC140363798,adgrf3b,mep1a.1,LOC140359331,disp1	1.58597893918353	0.8	28	2.98439383856425	FALSE
1	37	SCAF_1	32637006	33421919	33029462.5	0.682174933257483	0.000644561340969417	LOC140358903,LOC140359066,elp3,LOC140358956,znf395b,paqr8,mcm3,stmn4,emilin1a,ankef1a,snap25a,LOC140359500,LOC140359507,hnrnpub,LOC140363039	0.1277616212586	0.65	223	3.63025993962302	FALSE
1	38	SCAF_1	33421924	34016540	33719232	0.727842632618616	0.000559595118136932	flrt2,psmc1b	0.56017916081831	0.7	270	3.68590298861305	FALSE
1	39	SCAF_1	34021299	34574702	34298000.5	0.697331789039331	0.000452751702010013	psmc1b,brms1lb,calm1b,kcnk13b,ches1,gtf2a1	0.272909735604876	0.65	223	3.63025993962302	FALSE
1	40	SCAF_1	34576776	35208330	34892553	0.727061656830724	0.000573163594523055	ches1,gtf2a1,tshr,LOC140359686,nrxn3b	0.552457374860646	0.7	270	3.68590298861305	FALSE
1	41	SCAF_1	35211860	35998482	35605171	0.692705755816949	0.00062067380946716	nrxn3b,sptlc2b,ism2b,LOC140359773,LOC140359758,LOC140359765,bcl11bb,ccdc85cb	0.227228636435284	0.65	223	3.63025993962302	FALSE
1	42	SCAF_1	35999019	36803134	36401076.5	0.584748237903114	0.000665270924561596	ccdc85cb,selenoi,LOC140365334,frk,nt5dc1,dse,gopc,gja1b,hsf2,psmc6,lats1,nup43,LOC140359858,map3k5,tfap2d	-0.789509089974638	0.55	91	3.36155570775314	FALSE
1	43	SCAF_1	36817315	37550728	37184021.5	0.672113231776655	0.000754782212797724	gareml,syne2a,esr2a,jag2b,nudt14,LOC140363862,heca,reps1,scara3,LOC140363894,rngtt,akirin2,rars2,slc35a1,LOC140360251,grcc10,LOC140363926,dlgap2b,LOC140360404,ptprk	0.0327958723503049	0.65	223	3.63025993962302	FALSE
1	44	SCAF_1	37567720	38625494	38096607	0.689568438128703	0.000687739967973753	ptprk,LOC140363066,lama2,LOC140360329,sipa1l1,fntb,srsf5b,susd6,thbs1b,katnbl1,LOC140360536,aven,ryr3	0.1970490695131	0.65	223	3.63025993962302	FALSE
1	45	SCAF_1	38638830	39724361	39181595.5	0.788931051090401	0.000343721928405956	ryr3,fmn1,bub1,LOC140365366,dusp10,aida,tcte1,tmem151ba,nfkbie,slc35b2,hsp90ab1,eif2s1b,atp6v1d,pals1b,gphnb,fut8b	1.14911343872579	0.75	143	3.49876676547149	FALSE
1	46	SCAF_1	39725030	40391413	40058221.5	0.70941353791998	0.000520644562516166	slc24a4b,extl3,syt14b,LOC140360910,otofa,fndc1	0.386547661854723	0.7	270	3.68590298861305	FALSE
1	47	SCAF_1	40399558	44223706	42311632	0.781657127108036	0.00030860043046308	fndc1,aff2,ids,paplnb,smek1,LOC140361080,LOC140361090,LOC140361044,lin28b,gpd2,LOC140361146,LOC140361155,LOC140361161,LOC140361159,LOC140361165	1.08137495836019	0.75	143	3.49876676547149	FALSE
1	48	SCAF_1	44223828	45088272	44656050	0.77267403774702	0.000435959618632108	LOC140361165,nfkbiz,ect2l,filip1l,LOC140364101,col8a1b,prox1a	0.989690494653231	0.75	143	3.49876676547149	FALSE
1	49	SCAF_1	45101033	45951480	45526256.5	0.699194564788147	0.000678222624335818	LOC140361407,LOC140361395,obsl1a,unc80,LOC140361230,lancl1,LOC140361448	0.287698327575172	0.65	223	3.63025993962302	FALSE
1	50	SCAF_1	45951979	46819252	46385615.5	0.778520331006768	0.000371127310911628	LOC140361448,ramp1,LOC140361488,LOC140361469,LOC140361504,LOC140361539,tns1a	1.04837272676244	0.75	143	3.49876676547149	FALSE
1	51	SCAF_1	46824715	47643868	47234291.5	0.687663637944882	0.000554599839258676	tns1a,igfbp2a,stk11ip,LOC140361642,inha,spega,LOC140361685,osbpl11,LOC140361706,LOC140365445	0.180199623376218	0.65	223	3.63025993962302	FALSE
1	52	SCAF_1	47681518	48343195	48012356.5	0.703051750538592	0.000580939889126897	LOC140361784,LOC140361753,LOC140361745	0.325392247464245	0.7	270	3.68590298861305	FALSE
1	53	SCAF_1	48344933	49163043	48753988	0.701401817463592	0.000549490091870743	mrps9,LOC140361848,lama1,gucy1b2,chrm4a,LOC140361881,hsf2bp,LOC140361938,LOC140361917,ube3a,LOC140361983,LOC140361993,cars2,atg3,slc19a2,arl6ip6,arhgap1	0.310237662167943	0.7	270	3.68590298861305	FALSE
1	54	SCAF_1	49163396	50056671	49610033.5	0.641331271122921	0.000630376517954619	LOC140362043,glsa,aox6,aox5,sh3bp4a,LOC140364229,LOC140364246,atp7b,pcbp3,LOC140365540,LOC140362201,als2b,mpp4b,LOC140362257,cyp20a1,abi2b	-0.257246949100069	0.6	145	3.50292622822017	FALSE
1	55	SCAF_1	50057035	51152293	50604664	0.680800209910151	0.000635675673994077	abi2b,LOC140362409,LOC140362466,orc4,mbd5	0.114853699471382	0.65	223	3.63025993962302	FALSE
1	56	SCAF_1	51152839	52259136	51705987.5	0.68088049175236	0.00067648387900777	zeb2b,kynu,LOC140362564,LOC140362582	0.115401420233732	0.65	223	3.63025993962302	FALSE
1	57	SCAF_1	52259205	53139436	52699320.5	0.733502862140813	0.000477389064861247	LOC140362610	0.615983702633109	0.7	270	3.68590298861305	FALSE
2	0	SCAF_2	3408	2260288	1131848	0.565021592308059	0.00108804840833876	LOC140368267,spp1,sh3bp2,vldlr,LOC140368051,LOC140367926,atp8b1,LOC140367910,slc25a3b,LOC140368294,LOC140367898,LOC140367895,wdr91,shroom3,LOC140367927,LOC140368316,nagk,paip2b,LOC140367917	-0.957440464114072	0.55	91	3.36155570775314	FALSE
2	1	SCAF_2	2293621	3681501	2987561	0.760733611060469	0.000464118261168545	hspa12b,mark2b,LOC140367919,arl2,batf2,ppp2r5b,badb,LOC140367240,plcb3,LOC140367100,gys2,spx,golt1ba,recql,LOC140367095,nars1,tcf4,txnl1,c7b,LOC140368021,tmc2a,slc30a5,LOC140367861	0.875012446804472	0.75	143	3.49876676547149	FALSE
2	2	SCAF_2	3687951	4849972	4268961.5	0.714860152046258	0.000587836061517932	LOC140367861,LOC140368450,LOC140367126,LOC140366860,LOC140367125,LOC140367128,LOC140367123,LOC140366886,LOC140367755,LOC140366888,tjp2a,pip5k1ba,LOC140367336,ptpn12,LOC140367333,LOC140367334,adipor2	0.43683718517764	0.7	270	3.68590298861305	FALSE
2	3	SCAF_2	4860033	6022539	5441286	0.746287245344144	0.000375146470429499	LOC140367362,st8sia3,wdr7,LOC140367257,col7a1l,lrguk,exoc4,chchd3a,plxna4	0.740768303962476	0.7	270	3.68590298861305	FALSE
2	4	SCAF_2	6049676	7055225	6552450.5	0.738177296485237	0.000328195601698677	nrf1,ube2h,zc3hc1,cax1,cacna1c,dcp1b,cacna2d4a,lrtm2a,LOC140368292	0.664843394717101	0.7	270	3.68590298861305	FALSE
2	5	SCAF_2	7082724	9003118	8042921	0.715715175164284	0.000775161844440663	LOC140367233,LOC140366986,wnt5b,copg2,mest,atp2b1a	0.441241469247131	0.7	270	3.68590298861305	FALSE
2	6	SCAF_2	9006179	9559259	9282719	0.776211269912592	0.000285318594791843	apex1,LOC140367116,LOC140368224,LOC140368006,LOC140367374,ccnb1	1.03037715301082	0.75	143	3.49876676547149	FALSE
2	7	SCAF_2	9561086	9850106	9705596	0.748351672240319	0.000362467719288902	npr2,alad,tmem203,LOC140366951,tprn	0.760895988423902	0.7	270	3.68590298861305	FALSE
2	8	SCAF_2	9850242	10337457	10093849.5	0.825270111296538	0.000490425030157362	LOC140367106,LOC140366953,LOC140366962,LOC140367531,man1b1a,whrna	1.48627038811435	0.8	28	2.98439383856425	FALSE
2	9	SCAF_2	10339047	11297393	10818220	0.72443131477808	0.000506689927715255	whrna,akna,stxbp1a,LOC140367270,arrdc1b,mamdc4,phpt1,entpd2b,grin1a,LOC140368000,LOC140367136,LOC140367137,tsc1b	0.529168025524742	0.7	270	3.68590298861305	FALSE
2	10	SCAF_2	11314633	12088361	11701497	0.73320339027601	0.00044348979484485	barhl1b,stom,gsna,ppp2r2ab,bnip3lb,dpysl2b,LOC140367133,adra1ab,tmem230a,LOC140366996	0.614079495718276	0.7	270	3.68590298861305	FALSE
2	11	SCAF_2	12088438	12911607	12500022.5	0.764644990266579	0.000380007204141134	LOC140366996,LOC140367613,lrrtm4l1,LOC140367252,vsig8a,vav2	0.91564705106903	0.75	143	3.49876676547149	FALSE
2	12	SCAF_2	12915597	13941431	13428514	0.675990876128703	0.000731180121610171	vav2,rxraa,rassf6,LOC140367225,il11ra,tmem267,cntfr	0.0692271020703793	0.65	223	3.63025993962302	FALSE
2	13	SCAF_2	13946906	14498485	14222695.5	0.726373126429953	0.000446909617991586	cntfr	0.54905470426198	0.7	270	3.68590298861305	FALSE
2	14	SCAF_2	14499505	15342123	14920814	0.647262847713497	0.000712010610828297	galt,sigmar1,skor2,smad2,stbd1,atp8b5b,phf24,LOC140367260,LOC140367262,LOC140367264,pigo,prkab1a,ppp1r12a,pawr,syt1a	-0.200595335913526	0.6	145	3.50292622822017	FALSE
2	15	SCAF_2	15347822	16120419	15734120.5	0.64733616685491	0.000605279504700962	syt1a,LOC140367019,syt10,tnnt2c,btbd11a,LOC140367289,igf1,parpbp,nup37,pah,LOC140367282,itfg2,elapor2b,ntn4,usp44,fgd6,tmcc3,eri1,lamb1b,creb3l2,dgki,rassf3,LOC140367248,tbc1d30,prkcq,sfmbt2,itih5	-0.200854755945863	0.6	145	3.50292622822017	FALSE
2	16	SCAF_2	16120498	16800078	16460288	0.648860618961153	0.000464573323579368	celf2,usp6nl	-0.187645463603919	0.6	145	3.50292622822017	FALSE
2	17	SCAF_2	16803900	17355119	17079509.5	0.537801280452571	0.000628312871417882	plxnb2a.1,dmtf1,cunh12orf56,LOC140367381,LOC140367071,LOC140367725,upf2,nup107,mdm2,cpm,LOC140367399,LOC140367361	-1.23347899008533	0.5	38	3.08510909216493	FALSE
2	18	SCAF_2	17379375	17762642	17571008.5	0.49572212043571	0.000502751378152498	dyrk2,LOC140367435,LOC140367405,cand1,grip1,tymp,shank3b,LOC140367416,nots,cct2,myrfl,LOC140367420,rab21,ptprr,ptprb,LOC140367429,LOC140367469	-1.63942996825593	0.45	31	3.01821727293924	FALSE
2	19	SCAF_2	17762867	18424637	18093752	0.501314142151743	0.000469554467560401	kcna1b,phf21b,xpot,fbxo7,kiaa0930,pthlha,lrp6,gpr19,dusp16,ptpro,ncaph2,LOC140367457,flncb,kcnd2,stab2,mical3b	-1.58877760263797	0.5	38	3.08510909216493	FALSE
2	20	SCAF_2	18429737	19196518	18813127.5	0.557732271855869	0.000488593237723113	mical3b,lta4h,gcc1,irf5,cdhr5-rs,drd4-rs,LOC140367495,pomk,pam,LOC140367087,LOC140367497,nrg1,purg,il6st,tpm2,tln1,ythdc2,chd1,sptlc1,megf10,LOC140367521,lmnb1,slc27a6,slc12a2,LOC140367797,mapkap1,mvb12ba,LOC140367536,LOC140367539,angptl2a,crb2a,dennd1a,nek6,crata,LOC140368234,ndor1	-1.05210031911633	0.55	91	3.36155570775314	FALSE
2	21	SCAF_2	19216031	19758156	19487093.5	0.570518371281	0.00050922150643187	LOC140367567,cdk9,skp2,LOC140367570,smyd1a,LOC140367571,thnsl2,tbc1d13,zer1,LOC140367578,dpm2,eeig1b,slc25a25b,uap1l1,cfap73,zdhhc12b,LOC140367593,LOC140367597,LOC140367598,LOC140368023,myo5b,il7r,lmbrd2b,rpl17,nkx6.1,gpat3,abraxas1,helq,hpse,xpo7	-0.929918211026624	0.55	91	3.36155570775314	FALSE
2	22	SCAF_2	19760304	20576617	20168460.5	0.736466001022111	0.000673378244710778	gfra2b,cox5ba,tcf7l1a,npy8ar,LOC140367866,vcanb,hapln1b,arrdc3b,mctp1b,grk3,LOC140367662,sez6l,slc4a5b,scarb1,ash2l,aebp1a,ddx56,zmiz2,camk2b2,gnsb,cnnm4a,sec14l7,ckmt2a	0.638499136749818	0.7	270	3.68590298861305	FALSE
2	23	SCAF_2	20591672	21061169	20826420.5	0.699473561696064	0.000850276573527996	rasgrf2a,ankrd34ba,marveld2a,pi4kaa,slc25a1b,ttc28,pla2g3,rph3aa,ddx55,eif2b1,clip1b,ccdc62,LOC140367717,rilpl1,sbno1,LOC140367722,LOC140367723,LOC140367724,zswim6,mat2al,sec31a,lin54,adamts6,cwc27,trim23	0.288137389121834	0.65	223	3.63025993962302	FALSE
2	24	SCAF_2	21062467	21541611	21302039	0.564521145812143	0.000790549435717048	lhx5,LOC140367745,LOC140367746,crhbp,pde8b,wdr41,tbca,ap3b1a,lhfpl2a,arsb,dmgdh,jmy,LOC140367771,LOC140367776,LOC140367777,pik3r1	-0.974527759017531	0.55	91	3.36155570775314	FALSE
2	25	SCAF_2	21545360	22268742	21907051	0.560613531937869	0.00057169558365256	pik3r1,mast4,fcho2,tnpo1,LOC140367790,dck,LOC140367789,LOC140367147,fbp1b,c9,LOC140367795,LOC140368129,arid6,LOC140367800,LOC140367801,trappc13,nln,erbin,arhgef28a,enc1,egfl7,fnbp1b	-1.02094985269264	0.55	91	3.36155570775314	FALSE
2	26	SCAF_2	22270004	23075377	22672690.5	0.724672457467287	0.000709028476111164	fnbp1b,col5a1,olfm1b,mrps2,ttll11,dab2ipb,LOC140367331,fibcd1b,lamc3	0.526686453490646	0.7	270	3.68590298861305	FALSE
2	27	SCAF_2	23077008	23687683	23382345.5	0.688507723644123	0.000650427423532678	lamc3,prkaa1,ptger4b,map1b,LOC140367842,garnl3,ptges,usp20,rpl7a,surf1,surf6,ntng2b,phyhd1,rapgef1b,uck1,nup188,cdk5rap2,col27a1a	0.187383105085487	0.65	223	3.63025993962302	FALSE
2	28	SCAF_2	23704461	24491923	24098192	0.719042297997267	0.000769663785846187	col27a1a,psmd5,kcnt1a,LOC140367878,LOC140367887,st8sia5,loxhd1a,ark2ca,LOC140367888,thbs4b,LOC140367892,pcsk5a,LOC140367933,itga1,mtrex,plpp1a,csgalnact1a,gng10,rxfp3,slc45a2,amacr,LOC140367958,nup54,LOC140367953,LOC140367957,ptpn13,mapk10,arhgap24,LOC140367965,hcn1	0.472524885152471	0.7	270	3.68590298861305	FALSE
2	29	SCAF_2	24494971	25050670	24772820.5	0.765035696100827	0.000453680337342303	ccbe1,cplx4a,rx3,znf532,alpk2,nedd4l,LOC140367986,tmem209,ahcyl2b,strip2,morn2,LOC140367977,cald1a	0.916308778116703	0.75	143	3.49876676547149	FALSE
2	30	SCAF_2	25051358	25512550	25281954	0.568832518557866	0.00093435693292063	lrrn3b	-0.928332768247093	0.55	91	3.36155570775314	FALSE
2	31	SCAF_2	25517889	26100415	25809152	0.733869365455406	0.000488025946944737	dock4b,ifrd1,tmem168a	0.619166277252509	0.7	270	3.68590298861305	FALSE
2	32	SCAF_2	26102258	26576525	26339391.5	0.701595090529467	0.000774529384330561	gpr85,LOC140367404,LOC140367152,foxp2,mdfic	0.308969226901485	0.7	270	3.68590298861305	FALSE
2	33	SCAF_2	26581741	27496302	27039021.5	0.617775567355141	0.000664027618867348	tfec,LOC140368016,avpr2l,nrcama,cntn1b,pdzrn4,yaf2,LOC140368025,LOC140368045,LOC140367279,lrrc17,ccdc146,fgl2a	-0.478623464197331	0.6	145	3.50292622822017	FALSE
2	34	SCAF_2	27499429	28368568	27933998.5	0.748935275466865	0.000427500133667325	LOC140368045,ccdc146,fgl2a,gsap,nampt1,atxn7l1,znf800b,grm8a	0.764205643727654	0.7	270	3.68590298861305	FALSE
2	35	SCAF_2	28381792	29533882	28957837	0.663932511933233	0.000684880562938108	waslb,lmod2b,asb15b,ints13,ano6,pwp1,pkp2,ano2b,pik3cg,LOC140368074,slc13a4,coa6,LOC140368075,ptprz1b,LOC140368078	-0.0440475451641102	0.65	223	3.63025993962302	FALSE
2	36	SCAF_2	29537029	30569398	30053213.5	0.607348434578154	0.000876642645059465	LOC140368078,tm7sf3,gas2l3,slc38a2,slc38a4,LOC140368091,rbm17,il15ra,nudt5,cdc123,camk1da,ccdc3a,mcm10,cdk17,hcfc2,plxnc1,rerg,LOC140368099,alg10,celsr1a	-0.571428766066968	0.6	145	3.50292622822017	FALSE
2	37	SCAF_2	30574864	31405552	30990208	0.625413547227062	0.000599963571311799	celsr1a,gramd4a,LOC140368112,utp20,fbxo18,dnai7,lrmp,sox5,LOC140368127,LOC140368131,il17rel	-0.407876842129814	0.6	145	3.50292622822017	FALSE
2	38	SCAF_2	31425159	32227394	31826276.5	0.751377398336728	0.000383569898533748	pim3,creld2,alg12,brd1a,tafa5a	0.789011811682206	0.75	143	3.49876676547149	FALSE
2	39	SCAF_2	32229759	33369438	32799598.5	0.779014575497564	0.0003279792962481	tbc1d22a,cerk,mapk11,mapk12b,rpap3,lrig3,LOC140367313,etv6,iqsec3a,LOC140368152,LOC140367316,LOC140368154	1.05516064997578	0.75	143	3.49876676547149	FALSE
2	40	SCAF_2	33372134	33661282	33516708	0.458790163323289	0.000442062161357111	sema3aa,pcloa,cacna2d1a,hgfa,snd1,lrrc4.1	-1.9950811162794	0.45	31	3.01821727293924	FALSE
2	41	SCAF_2	33661516	34318657	33990086.5	0.728586372785909	0.000573247622025584	snd1,prrt4b,impdh1b,LOC140368171,dcn,kera,LOC140368176,depdc4,apaf1,anks1b	0.566867527097959	0.7	270	3.68590298861305	FALSE
2	42	SCAF_2	34322499	35043142	34682820.5	0.826216248236335	0.000277961286736451	anks1b,bltp3b,arfgap3,pacsin2,atp6v1e1b,gnptab,chpt1,mybpc1,spi2,LOC140368195,ada2b,ccnd2b,golgb1,lhfpl3,kdm7aa,LOC140368216,magi2a,gnai1,sema3c	1.50975341797744	0.8	28	2.98439383856425	FALSE
2	43	SCAF_2	35057954	35801424	35429689	0.732829892414838	0.000576476028771917	fam180a,mtpn,chrm2a,ptn,LOC140368212,foxm1,LOC140368222,ppfia2	0.606891451772963	0.7	270	3.68590298861305	FALSE
2	44	SCAF_2	35802535	36908784	36355659.5	0.742359099846522	0.000502100884057813	LOC140368235,musk,lpar1,LOC140368254	0.699278996542762	0.7	270	3.68590298861305	FALSE
2	45	SCAF_2	36916999	37941922	37429460.5	0.740630883718633	0.00049349648825412	grin3a,plppr1,palm2akap2,inip,slc46a2,LOC140368265,LOC140367164,LOC140368270,slc26a1,LOC140368273,LOC140367395,dusp4,LOC140368276,LOC140368277,LOC140368278,ank1b	0.683155365422907	0.7	270	3.68590298861305	FALSE
2	46	SCAF_2	37943962	38747216	38345589	0.756584166123979	0.000395405519807419	ank1b,LOC140368289,crkl,ulk1b,mmp17a	0.838199974450585	0.75	143	3.49876676547149	FALSE
2	47	SCAF_2	38756927	39665965	39211446	0.651971871152894	0.000684477403193529	sfswap,trabd2a,hook3,ube2g1b,LOC140368302,LOC140368303,LOC140368304,atp2a2b,bcr	-0.156547464988056	0.65	223	3.63025993962302	FALSE
2	48	SCAF_2	39681890	40798023	40239956.5	0.744085049686015	0.000504610695719574	bcr,nsmfa,npdc1a,exd3,slc27a4,swi5,fam163ba,dbh,sardh,cercam,urm1,sh2d3ca,LOC140367169,strbp,rabgap1,rc3h2,LOC140368350,LOC140368351,LOC140367438,lhx6a,morn5,LOC140368358,pde6b,fyb1b	0.715564728015417	0.7	270	3.68590298861305	FALSE
2	49	SCAF_2	40811369	41979107	41395238	0.715950578420817	0.000354435345871431	fgf10a,rai14,scarb2c,LOC140368365,LOC140368366,gnaz,sppl3,nt5c2l1,slc2a11l,kcnn2,drg1,slc20a1b,gmcl1,ggcx,mpx,sftpba,inpp5ja,tbc1d10ab,LOC140368398,LOC140368400,LOC140367460,LOC140368407,LOC140368408,cabp1b,lrrc75bb,rnf34b,kdm2bb,setd1ba,dgcr2,ssh1b,LOC140367490,LOC140368430,LOC140368429,taok3b,cabp7b,git2b,LOC140368444,cplane1,LOC140368446	0.451867840333941	0.7	270	3.68590298861305	FALSE
2	50	SCAF_2	41982575	43202827	42592701	0.711837606799054	0.000548583409163346	gdnfa,opn4xa,pdlim5b,bmpr1bb,unc5cb,glis3,nup155,ric1,rab14l,tbx5a,tbx3a,LOC140366899,lman2la,pax8,LOC140366892,LOC140366893,sapcd2,coq4,fubp3,ass1,surf4,surf2,ciz1a,dnm1a,golga2	0.40900238751553	0.7	270	3.68590298861305	FALSE
2	51	SCAF_2	43207480	43994078	43600779	0.744795997274357	0.000458346006130512	golga2,rgs3a,znf618,pappaa,LOC140366915,brinp1	0.72381238409449	0.7	270	3.68590298861305	FALSE
2	52	SCAF_2	43994210	45110943	44552576.5	0.71607580297531	0.000606196186242487	brinp1,eng,gpsm1b,lhx3,nup214,tmem38b,znf462,nop14,add1,sema4d,shc3,ctif,smad7,dym,rad1,dnajc21,prlra,slc37a3,LOC140366963	0.447953731537703	0.7	270	3.68590298861305	FALSE
2	53	SCAF_2	45110944	46285150	45698047	0.69036998629358	0.000640974382491227	pparaa,wnt7ba,LOC140367175,kdm5a,LOC140366977,LOC140367178,LOC140366979,LOC140366980,LOC140366983,LOC140366984,syn3,LOC140367001,LOC140367181,LOC140366988,LOC140366990,LOC140366991,LOC140367183	0.205011578962655	0.65	223	3.63025993962302	FALSE
2	54	SCAF_2	46314419	47202058	46758238.5	0.690798758743471	0.000658171255907402	LOC140366993,LOC140367184,LOC140366994,nav3,LOC140367000,e2f7,csrp2	0.208892844465867	0.65	223	3.63025993962302	FALSE
2	55	SCAF_2	47202304	48198775	47700539.5	0.729888491351505	0.000575807834866479	csrp2,zdhhc17,osbpl8,nap1l1,LOC140367005,LOC140367186,krr1,LOC140367007,kcnc2,asb13a.1,LOC140367012,sbf1,LOC140367015	0.579109441731995	0.7	270	3.68590298861305	FALSE
2	56	SCAF_2	48206719	50518082	49362400.5	0.657136001304571	0.000690954440210797	LOC140367018,slc26a5,dnajc2,pmpcb,phax,LOC140367191,LOC140367021,net1,mkln1,podxl,LOC140368258,LOC140368259,cunh18orf54,LOC140367688,LOC140367040,il17ra1a,mkrn1,lemd3,ipo8,caprin2,LOC140367198,LOC140367052	-0.10794387989404	0.65	223	3.63025993962302	FALSE
2	57	SCAF_2	50524184	51816917	51170550.5	0.677222815253922	0.000921903807267651	LOC140367052,LOC140367046,LOC140367043,LOC140367053,LOC140367201,LOC140367704,hsdl2,wdr36,fktn,slc31a1,LOC140367202,aldh1l2	0.0801202328057225	0.65	223	3.63025993962302	FALSE
3	0	SCAF_3	331687	1990841	1161264	0.929544711393824	0.000176198763906811	LOC140374363,LOC140374196,nr2f5,sv2a,LOC140373466,mlpha,LOC140374016,selenbp1,LOC140374017,iqgap3	2.51135423330602	0.9	4	2.27565241302896	TRUE
3	1	SCAF_3	2021191	3287144	2654167.5	0.769873249326833	0.000482195880403672	LOC140373979,oatx,smg5,syngap1b,rgl2,dnase2,gpsm3,pbx2,paqr6,ntrk1,mtmr11,otud7b	0.961044792798205	0.75	143	3.49876676547149	FALSE
3	2	SCAF_3	3322694	4426570	3874632	0.667662754028496	0.000883340652336817	LOC140374426,nek10,LOC140373986,znf385d,rab5ab,efhb,LOC140374400,satb1b	-0.00888468677189094	0.65	223	3.63025993962302	FALSE
3	3	SCAF_3	4430321	5253402	4841861.5	0.731557231391607	0.000532535647688188	plcl2,LOC140373987,rftn1b,LOC140374501,tap1,notchl,rpz,LOC140374499	0.596034306398715	0.7	270	3.68590298861305	FALSE
3	4	SCAF_3	5253868	6147823	5700845.5	0.621228899871902	0.000684516077532379	LOC140374499,LOC140374501,rpz5,rab11al,LOC140373474,pear1,ggctb,LOC140374419,LOC140373990,LOC140373663,ppox,dyrk1b,fbl,c1qtnf4,mios,LOC140373583	-0.445708271576632	0.6	145	3.50292622822017	FALSE
3	5	SCAF_3	6164750	7040425	6602587.5	0.773074402969286	0.000491857535773744	LOC140374503,thsd7ab,ankmy2a,sostdc1a,crppa,agmo,LOC140374394	0.990996064285704	0.75	143	3.49876676547149	FALSE
3	6	SCAF_3	7040426	8462182	7751304	0.767617297189605	0.000550962515906603	dgkb,etv1,LOC140374167,cspg5a	0.936736507421195	0.75	143	3.49876676547149	FALSE
3	7	SCAF_3	8462340	8699436	8580888	0.530652607855488	0.000519996946609216	cspg5a,smarcc1a,LOC140373862,dpy19l1l,herpud2	-1.30719513709033	0.5	38	3.08510909216493	FALSE
3	8	SCAF_3	8710818	9595262	9153040	0.707848213993385	0.000576162193322587	pkdc,scap,ptpn23a,sema6cb	0.370793865347459	0.7	270	3.68590298861305	FALSE
3	9	SCAF_3	9597591	10430396	10013993.5	0.711115593824905	0.000463721843707269	LOC140373487,tnfaip8l2b,tmod4,hormad1,LOC140373993,LOC140373739,tlr18,mettl25b,isg20l2	0.403706897972079	0.7	270	3.68590298861305	FALSE
3	10	SCAF_3	10432890	11175857	10804373.5	0.633676515264447	0.000557206257091784	rhbg,mef2d,capn7,sh3bp5b,mettl6,bmper,bbs9,LOC140374384	-0.330495399471091	0.6	145	3.50292622822017	FALSE
3	11	SCAF_3	11179078	11697497	11438287.5	0.625409781446545	0.000753918023509254	LOC140374384,LOC140374434,gramd1a,scn1ba,psmc4,LOC140374291,lsr,mag,LOC140374067,LOC140374068,LOC140374071,LOC140374072,phldb3,ethe1,drd2l,xrcc1,LOC140374177	-0.405142036361013	0.6	145	3.50292622822017	FALSE
3	12	SCAF_3	11705098	12634470	12169784	0.690807612852224	0.000463287472205738	LOC140374177,LOC140374073,LOC140374075,LOC140374076,lim2.5,usf2l,iglon5,LOC140374014,LOC140374322,LOC140374658,ago3a	0.210805660243089	0.65	223	3.63025993962302	FALSE
3	13	SCAF_3	12638921	13231441	12935181	0.770025161863636	0.000444732192067988	ago3a,slc9a1a,LOC140374521,ifnlr1,myom3,akirin1,rhbdl2,rragca	0.96411480851668	0.75	143	3.49876676547149	FALSE
3	14	SCAF_3	13232675	14064305	13648490	0.719454897190025	0.000453625970194958	utp11,fhl3a,rspo1,gnl2,LOC140374133,map7d1a,LOC140374132,sh3d21,eva1ba,stk40,mrps15,csf3r	0.483141993694679	0.7	270	3.68590298861305	FALSE
3	15	SCAF_3	14065054	14765070	14415062	0.62772543276909	0.000732785456922995	grik3,LOC140373982,mtf1,LOC140373610,lin28aa,themis2,LOC140373720	-0.383784860849172	0.6	145	3.50292622822017	FALSE
3	16	SCAF_3	14774703	15649944	15212323.5	0.64569320769737	0.000826526543252973	LOC140373720,LOC140373680,ctps1b,LOC140373458,cadm4,rps19,bcam,apoeb,LOC140373782,LOC140374275,bcl3	-0.214261085612591	0.6	145	3.50292622822017	FALSE
3	17	SCAF_3	15666221	16362370	16014295.5	0.580229552735273	0.000660589851241717	cblc,LOC140373623,tmem145,lipeb,arhgef1,erfl1,cnfn,tlr21,prr19,LOC140374092,LOC140374094,LOC140373997,LOC140374095,grik5,znf574,gsk3ab,cicb	-0.832219629442087	0.55	91	3.36155570775314	FALSE
3	18	SCAF_3	16364439	17096809	16730624	0.587601461116195	0.000808936735589212	LOC140374327,cdk14,znrf2b,enpp2,LOC140373999,cndp1,abhd5a,ano10a,snrka	-0.757840489997907	0.55	91	3.36155570775314	FALSE
3	19	SCAF_3	17102261	18154278	17628269.5	0.670971450997194	0.000583719845302094	snrka,pomgnt2,gask1a,tgfbr2b,LOC140374108,LOC140373966,kiaa1143,stt3b,LOC140374329,cep192,ptpn2a	0.0222577926972165	0.65	223	3.63025993962302	FALSE
3	20	SCAF_3	18164785	19198356	18681570.5	0.768954219700894	0.000446935628799858	ncalda,LOC140373717,LOC140373605,LOC140374668,LOC140374491,pop1,LOC140374107,LOC140373912,ubr5,spire1b,rnf144b,LOC140373799,sqlea,oxr1a,LOC140374396,zfpm2a	0.953838231707595	0.75	143	3.49876676547149	FALSE
3	21	SCAF_3	19200699	20015403	19608051	0.696205460321104	0.000591812585001375	zfpm2a,dpys,LOC140373988,rims2a,dcaf13,LOC140374373,klhl32,fbxl4,usp45,LOC140373921,prdm13,me1,LOC140374438,dop1a,ube3d	0.260574146403444	0.65	223	3.63025993962302	FALSE
3	22	SCAF_3	20028453	20896639	20462546	0.736422596647488	0.000492013325703065	ibtk,bckdhb,ttk,sybu,gdf6a,trhra,emc2,rspo2,LOC140374115,LOC140373887,sall3a	0.643277395707774	0.7	270	3.68590298861305	FALSE
3	23	SCAF_3	20905255	21324497	21114876	0.702633499649608	0.000305015820905727	depdc1b,LOC140373463,LOC140373461,LOC140373665,LOC140374173	0.325474374335547	0.7	270	3.68590298861305	FALSE
3	24	SCAF_3	21325774	22076696	21701235	0.761360711723831	0.000441823645335026	LOC140374162,znf407,has2,LOC140374398,tbc1d31,LOC140374469,LOC140373597,ccdc127a,LOC140374456,LOC140373892,hpn,LOC140373942,LOC140374418,LOC140374524,sult2st3,tmem147,ncam3,mroh1,trak1a	0.88185657877448	0.75	143	3.49876676547149	FALSE
3	25	SCAF_3	22076697	22936576	22506636.5	0.652082416296266	0.000614654068625877	trak1a,ulk4,ctnnb1,ncoa7a,LOC140373476,elovl4a,prelid3a,LOC140374022,nsmce2,LOC140373544,LOC140374421,LOC140373520,LOC140373822	-0.15599023788247	0.65	223	3.63025993962302	FALSE
3	26	SCAF_3	22945717	23917899	23431808	0.65039362689541	0.000633410066486091	LOC140374420,cmc1,LOC140374518,ddc,grb10b,triob,dnah5,adcy2a,adamts16	-0.171780559866562	0.65	223	3.63025993962302	FALSE
3	27	SCAF_3	23917955	24523557	24220756	0.615897136291079	0.000694062242652391	LOC140374512,cdkal1	-0.495648319785906	0.6	145	3.50292622822017	FALSE
3	28	SCAF_3	24524451	25037282	24780866.5	0.59758132906363	0.000580067427039988	cdkal1,LOC140374403,mboat1,LOC140374150,LOC140374637,mal2,colec10,LOC140374447,scgn,sntb1,mtbp,kcnn4,LOC140373904	-0.671240158667068	0.55	91	3.36155570775314	FALSE
3	29	SCAF_3	25071575	25603798	25337686.5	0.719945033936159	0.00068067781765098	LOC140374224,LOC140374219,LOC140374222,LOC140373573,znf576.2,LOC140374085,LOC140373644,LOC140373643,ptprub,serinc2l,hivep3b,phactr4b	0.48287419221357	0.7	270	3.68590298861305	FALSE
3	30	SCAF_3	25608329	26273500	25940914.5	0.667269802832453	0.000610127611935554	phactr4b,rcc1,tcea3,tent5ba,zdhhc18a,kdf1a,LOC140374123,fez2a,LOC140374536,lars2,limd1a,deptor,col14a1a,LOC140373750,LOC140373893,LOC140373895,zfat,LOC140374023,LOC140374024,LOC140374537,LOC140374441,LOC140373885,LOC140373816,psenen,aplp1	-0.0127003506872293	0.65	223	3.63025993962302	FALSE
3	31	SCAF_3	26274810	26850371	26562590.5	0.509454068246928	0.00085049016134164	aplp1,st14,kirrel3l,nphs1,fxyd5,LOC140374541,LOC140374543,LOC140374544,LOC140374546,nfkbid,tyrobp,LOC140374301,LOC140373775,LOC140374378,tnxba,LOC140373927	-1.48616449425967	0.5	38	3.08510909216493	FALSE
3	32	SCAF_3	26855278	27729029	27292153.5	0.685063127447727	0.000873645075440006	rxrbb,fhod3b,LOC140373714,LOC140374548,sp8b,macc1,colq,chn2,creb5b,tax1bp1b,hibadhb,skap2,cbx3b,osbpl3b,gsdmeb,smpd5,rbm24b,kif13a,LOC140374242,plekhg4b,nkd2b	0.153423079665843	0.65	223	3.63025993962302	FALSE
3	33	SCAF_3	27742015	28420487	28081251	0.588119382169387	0.000855598248281413	zdhhc11,tppp,cep72,LOC140373565,nbeal2,nradd,setd2,upp1,itga8,mindy3,LOC140374080,znf804b,LOC140374395,LOC140374001,LOC140374533,LOC140374531,glipr2l,nacad,tbrg4,LOC140373595,dgat1b	-0.751463043825277	0.55	91	3.36155570775314	FALSE
3	34	SCAF_3	28428201	29145297	28786749	0.71551136593182	0.000624457164068544	LOC140374234,galnt1,tmem245,LOC140373754,alg2,sec61b,nr4a3,stx17,erp44,invs,rad54b,rnf41l,virma,esrp1,epb41l4b,ptpn3,sgk2b	0.442266690950365	0.7	270	3.68590298861305	FALSE
3	35	SCAF_3	29145298	29814923	29480110.5	0.767921899618804	0.000478381659560249	sgk2b,LOC140373794,l3mbtl1b,msh5,LOC140373869,fam171a1,LOC140374559,adam22,cldn12,osgin2,nbn,them4,rorc,LOC140374635,znf687a,otoa,LOC140374564,il6r,atp8b2,aqp10a,LOC140373879,tuft1a,cgna,she,chrnb2,LOC140374308,pbxip1b,efna1b,shc1	0.942686326922791	0.75	143	3.49876676547149	FALSE
3	36	SCAF_3	29815185	30670454	30242819.5	0.737117571542244	0.000539198704275466	efna1b,shc1,flad1,LOC140374565,rps27.2,slc50a1,snx27b,LOC140374674,fam189b,rusc1,LOC140374130,gba1,itga10,crabp2a	0.648495012382047	0.7	270	3.68590298861305	FALSE
3	37	SCAF_3	30680435	31554478	31117456.5	0.750801224374002	0.000446885292051689	LOC140374568,LOC140373647,prpf3,adamtsl4,LOC140373518,cers2b,arnt,setdb1b,clk2b,cyp11c1,pklr,LOC140373836,zbtb7b,khdc4,myh14,LOC140374182,znf384b,gnl1	0.781274096605119	0.75	143	3.49876676547149	FALSE
3	38	SCAF_3	31564239	32366106	31965172.5	0.706970951764021	0.000589929926712596	ddr1,LOC140373532,sbk3,epn1a,LOC140373702,rcvrn2,LOC140373692,u2af2a,cacng6b,cacng8b,cacng7b,prkcg,grin2db,pitpnc1b,LOC140374117,LOC140373842,ntd5,dbpb,ttyh1	0.362280013685518	0.7	270	3.68590298861305	FALSE
3	39	SCAF_3	32387387	33563603	32975495	0.672668262946772	0.000751725081117229	flcn,grwd1,rbfox1l,mboat7,leng1,LOC140373660,LOC140374239,cyth2,LOC140374310,pianp,cops7a,usp5,p3h3,cdca3,pex5,clstn3,lpcat3,atn1,LOC140373918,wnt4b,ptpn6,rbp5,c1s.2,tapbpl,LOC140374575,tnfrsf1a,LOC140374578,iffo1b,opn9,gapdh,nppcl	0.0380053206535639	0.65	223	3.63025993962302	FALSE
3	40	SCAF_3	33564068	34679722	34121895	0.69300198912311	0.000530063849304506	ncapd2,nop2,zyx,fam131bb,clcn1b,casp2,styk1b,phc1,m6pr,arhgef5,LOC140374351,LOC140373926,trpv6,atp1a3b,dedd1,ephb6,slc2a3b,rasip1,il11a,znf628,LOC140373828,mdc1,LOC140373965,ino80e,LOC140373939,vars1,abhd16a,g6fl,LOC140373940	0.230955663820036	0.65	223	3.63025993962302	FALSE
3	41	SCAF_3	34686955	35178266	34932610.5	0.615356891627613	0.000729652696279746	LOC140373940,pou2f2b	-0.49994180423315	0.6	145	3.50292622822017	FALSE
3	42	SCAF_3	35184526	35691967	35438246.5	0.769105021400065	0.000398441437435631	tsnare1,adgrb1a	0.957371835710893	0.75	143	3.49876676547149	FALSE
3	43	SCAF_3	35693238	36516250	36104744	0.752362958007196	0.000431001912030128	adgrb1a,LOC140374007,LOC140374259,adcy3a,LOC140374257,cnih4,cyb5r4,LOC140374256,ascc3,LOC140374264	0.79669224681961	0.75	143	3.49876676547149	FALSE
3	44	SCAF_3	36516268	37283202	36899735	0.754074561145509	0.000466156636914669	ascc3,grik2	0.81168467137485	0.75	143	3.49876676547149	FALSE
3	45	SCAF_3	37297640	38278863	37788251.5	0.700556329494062	0.000499911228876105	LOC140374484,LOC140374588,LOC140374009,LOC140374478,preb,LOC140374010,tgfb2,rrp15,LOC140374473,vegfaa,LOC140374472,popdc1	0.30291036150147	0.7	270	3.68590298861305	FALSE
3	46	SCAF_3	38279657	39608472	38944064.5	0.697860865879159	0.000699529513972987	LOC140374472,cep162,LOC140374687,LOC140374599,tcaim,cnot10,LOC140374694,LOC140374600,LOC140374684,tspan13a,bag6,gabbr1a,dhx16,LOC140374649,tektl1,LOC140374603,LOC140374644,etsrp,LOC140374648,LOC140374605,LOC140374612	0.274891273991449	0.65	223	3.63025993962302	FALSE
3	47	SCAF_3	39608473	40867585	40238029	0.655424927805702	0.000711341564447464	LOC140374613,snrnp48,LOC140373687,LOC140374614,LOC140373685,LOC140373682,LOC140374615,LOC140374616,plekhf2,LOC140373855,LOC140374618,LOC140374619,LOC140373854,dek,npr1b	-0.123921609084845	0.65	223	3.63025993962302	FALSE
4	0	SCAF_4	774689	1789347	1282018	0.737659831352539	0.000824081635270478	LOC140377294,LOC140377305,LOC140378274,LOC140377177,LOC140378273,LOC140377235,LOC140378270,LOC140377306	0.645440923087055	0.7	270	3.68590298861305	FALSE
4	1	SCAF_4	1790150	2339487	2064818.5	0.626943159095252	0.00116854740378317	LOC140377306,LOC140377308,dnhd1,LOC140378275,nptxrb,pla2g6	-0.383829384442927	0.6	145	3.50292622822017	FALSE
4	2	SCAF_4	2346433	3374493	2860463	0.563331825339104	0.00132103048318205	pla2g6,LOC140377314,LOC140377613	-0.963517403214314	0.55	91	3.36155570775314	FALSE
4	3	SCAF_4	3375686	3605248	3490467	0.622826013896773	0.000746742336769736	LOC140377613	-0.429505593597625	0.6	145	3.50292622822017	FALSE
4	4	SCAF_4	3605335	4436527	4020931	0.651802139470105	0.000675053490221385	LOC140377613,vegfc	-0.158209888754116	0.65	223	3.63025993962302	FALSE
4	5	SCAF_4	4441457	5859510	5150483.5	0.746986756944262	0.000386300597532377	vegfc,naf1,LOC140377024,LOC140378117,LOC140377275,LOC140377954,tmx2b,zdhhc5a,slc43a1b,LOC140376996,p2rx3b,LOC140377475,LOC140377612,LOC140377777,LOC140377336,LOC140377274,LOC140377337,LOC140377342	0.74706080168405	0.7	270	3.68590298861305	FALSE
4	6	SCAF_4	5863954	6791054	6327504	0.664788954574735	0.000660126916765043	LOC140377342,vps54,LOC140377343,LOC140377966,LOC140377787,LOC140377791,cdc6,ccsapa,taf5l,LOC140377943,xpo1a,knstrn,usp34,capn9,ltv1,LOC140378121	-0.0360316527606209	0.65	223	3.63025993962302	FALSE
4	7	SCAF_4	6821700	7543851	7182775.5	0.722007296129135	0.000529091798828603	LOC140377644,mad1l1,LOC140377267,parn,LOC140377352,eri2	0.505677952148063	0.7	270	3.68590298861305	FALSE
4	8	SCAF_4	7556931	8223894	7890412.5	0.724016197140782	0.000573361830826821	parn,LOC140377909,LOC140377957,LOC140377513,cep44,LOC140377313,LOC140377357,akt3b	0.523665724066377	0.7	270	3.68590298861305	FALSE
4	9	SCAF_4	8231945	9476763	8854354	0.659172508610285	0.000786272346853592	LOC140378281,fam161a,cct4,dla,zbtb45,LOC140378257,myom2a,LOC140377953,lgsn,saraf,LOC140377553,LOC140377645,LOC140377213,arhgap19,LOC140377802,LOC140377765,lcor	-0.0884226064767138	0.65	223	3.63025993962302	FALSE
4	10	SCAF_4	9476911	10593162	10035036.5	0.558396473988354	0.000966307154535164	lcor,LOC140377704,hoga1,wipf2a,mrpl21,npepps,gpr179,vps37c,LOC140377925,tmem176,abcc10,LOC140377581,LOC140377579,gstt1b,LOC140377580,LOC140377379,patl1,LOC140377385,LOC140377388	-1.0240096241279	0.55	91	3.36155570775314	FALSE
4	11	SCAF_4	10593240	11541584	11067412	0.658862576075544	0.00054375075413728	LOC140377391,LOC140377153,LOC140377606,sorcs1	-0.0923114567359996	0.65	223	3.63025993962302	FALSE
4	12	SCAF_4	11545948	12587561	12066754.5	0.695638466947003	0.000545957196716901	sorcs3a,neurl1aa,LOC140377394,LOC140378269,LOC140377050	0.255742705044261	0.65	223	3.63025993962302	FALSE
4	13	SCAF_4	12589348	13471789	13030568.5	0.695117491978833	0.000586729425365039	LOC140377050,LOC140377292,LOC140377831,LOC140377242,LOC140378106,LOC140378104,LOC140378084,krt222,LOC140377212,LOC140378253,LOC140377927,ppp1r12c,LOC140378168,p4hb,pecam1b,rptor	0.250355516528538	0.65	223	3.63025993962302	FALSE
4	14	SCAF_4	13472325	14813297	14142811	0.729301873977724	0.000380382331965901	rptor,LOC140377272,LOC140377049,trim25,cunh17orf67,LOC140377150,card14,LOC140377061,frmpd1a,LOC140378064,LOC140377216,clgn,scoca	0.578637971046868	0.7	270	3.68590298861305	FALSE
4	15	SCAF_4	14867896	15790809	15329352.5	0.782952286651181	0.000441698082022888	maml3,naa15b,LOC140377828,LOC140377215,noctb,slc43a3a,LOC140377781,LOC140377245,unc93b1,crybb1l2,LOC140377859,cabp2a,LOC140377174,LOC140377509	1.08716389535734	0.75	143	3.49876676547149	FALSE
4	16	SCAF_4	15806211	16304765	16055488	0.656474036896508	0.000674413587758089	pcdh18a	-0.114251965017642	0.65	223	3.63025993962302	FALSE
4	17	SCAF_4	16308910	17027747	16668328.5	0.625306490482836	0.000656409511228534	pcdh10a,sclt1,dnah6,chrna8,chrna6,LOC140377683,LOC140377010,pi4k2b	-0.407862823915797	0.6	145	3.50292622822017	FALSE
4	18	SCAF_4	17032548	18018901	17525724.5	0.72489143219475	0.000501603389208343	pi4k2b,gpr78a,hmx4,hmx1,dok7b,rgs12b,htt,get3,best2,junba,LOC140377112,ilf3a,slc44a2,rgl3a,nfil3-5,LOC140377824,micall1a,ddx17,LOC140378157,myh11a,abcc6a,xylt1	0.533652233826075	0.7	270	3.68590298861305	FALSE
4	19	SCAF_4	18044717	18676104	18360410.5	0.676823817792208	0.000477500798204174	xylt1,nomo,sec23b,ccdc85al,LOC140378284,cep170ab,pld5,LOC140377248,ccdc88aa,atp5md,nt5c2b,cnnm2b,wbp1lb,LOC140378195,cenpk,smap1,krt94	0.0779211337062379	0.65	223	3.63025993962302	FALSE
4	20	SCAF_4	18695978	19278143	18987060.5	0.540055399944922	0.000589710929928053	LOC140377126,hap1,jupa,armh3,LOC140377499,syngr2b,LOC140377452,LOC140377453,tmc8,tmc6b,aspscr1,pycr1b,mafgb,cp110,gnav1,npb,slc26a11,LOC140378080,LOC140377713,cc2d1a,mri1,LOC140378145,dcaf15,rfx1b,tnpo2b,nthl1,tsc2,pkd1a	-1.21430998859062	0.5	38	3.08510909216493	FALSE
4	21	SCAF_4	19278628	19529961	19404294.5	0.640012020941088	0.000589046748569933	pkd1a,LOC140377441,LOC140377731,gprc5bb,knop1,pi4k2a,zfyve27,golga7ba,LOC140377525,tekt4,LOC140377480,b3gntl1,epn3b,mycbpap,LOC140377938,slc25a10b,gcgrb	-0.270182103601439	0.6	145	3.50292622822017	FALSE
4	22	SCAF_4	19531238	20193039	19862138.5	0.581551650123295	0.000624052849816467	gcgrb,dennd1c,LOC140377007,LOC140377229,samd1b,LOC140377552,tecrb,LOC140378137,LOC140378088,LOC140377987,LOC140377043,LOC140377040,LOC140377045,LOC140377041,LOC140377042,LOC140377047,LOC140377046,LOC140377082,adcy9,crebbpa,slx4,mcrip2,LOC140377089,cxcl12b	-0.821102059872214	0.55	91	3.36155570775314	FALSE
4	23	SCAF_4	20197117	20960882	20578999.5	0.734571682067878	0.000543887356567869	crebbpa,LOC140377093,xpnpep1,cusr,add3a,mxi1,smc3,rbm20,shoc2,LOC140377169,LOC140378173,micu3a,xpa,LOC140377250,tdrd7a	0.624262412851588	0.7	270	3.68590298861305	FALSE
4	24	SCAF_4	20961691	21287173	21124432	0.379734225177361	0.000733053809143635	tdrd7a,stra6l,LOC140378058,abca1a,LOC140377171	-2.71133466014372	0.35	8	2.54368881914556	FALSE
4	25	SCAF_4	21298296	21960995	21629645.5	0.74798295076508	0.000547711323594782	LOC140377171,LOC140377747,LOC140377127,helz,prkcaa,LOC140377290,LOC140377154	0.751069067462307	0.7	270	3.68590298861305	FALSE
4	26	SCAF_4	21981036	22865635	22423335.5	0.751070059047504	0.000425696363953687	LOC140377154,LOC140377755,evpla,acox1,LOC140377547,aanat1,ube2o,LOC140377947,LOC140377946,LOC140377053,pkn1a,prr36a,LOC140377141,evi5l,LOC140377137,LOC140377146,pik3r5,ntn1a,LOC140377991,usp43a	0.78458121689458	0.75	143	3.49876676547149	FALSE
4	27	SCAF_4	22901287	23538468	23219877.5	0.587630922502641	0.000634312472789145	usp43a,septin9b,tnrc6c2,LOC140377458,rhbdl3,rhot1b,LOC140377415,tefm,LOC140377774,rab11fip4b,LOC140377674,misp3,palm3,plppr2b,rab3da,tspan34a,nfixa	-0.763420079344726	0.55	91	3.36155570775314	FALSE
4	28	SCAF_4	23581275	24068603	23824939	0.667868807890662	0.000614918610321996	LOC140377667,keap1b,cdkn2d,ldlrb,mast1a,LOC140377816,LOC140377646,LOC140377996,septin3,atf7ip,grin2bb,nfam1,LOC140378219,LOC140378220,LOC140377997,rbfox2,LOC140377423,LOC140377502,chic2,LOC140377488,kitb,LOC140377562	-0.00704611753632424	0.65	223	3.63025993962302	FALSE
4	29	SCAF_4	24073981	24527451	24300716	0.663679986087369	0.000864388517688431	exoc1l,smc2,ecpas,ptprdb,allc,tyrp1b,LOC140377176,adgrl3.1	-0.0460584353599357	0.65	223	3.63025993962302	FALSE
4	30	SCAF_4	24529045	24619259	24574152	0.588216427956524	0.000919556683543926	gtf2e2,LOC140377950	-0.748474010666446	0.55	91	3.36155570775314	FALSE
4	31	SCAF_4	24621385	25526195	25073790	0.583855703275666	0.000746121226924793	LOC140377950,pcdh7a,crmp1,ppp2r2ca,ank2a,camk2d2,polq,LOC140377999,pax5,zcchc7,pgm2,fam114a1,klhl5,wdr19,rfc1,lias,map9,pds5a,n4bp2,chrna9a,slit2	-0.795068009360327	0.55	91	3.36155570775314	FALSE
4	32	SCAF_4	25526701	26099068	25812884.5	0.682049256796543	0.000577891406887405	slit2,fam184b,apbb2b,LOC140378003,rbm47,LOC140377325,mttp,LOC140377482,acer2,rps6,LOC140377746,LOC140378101,dnaja1,ambn,cnga1a,tacr3a,bdh2,suclg1	0.126953727323563	0.65	223	3.63025993962302	FALSE
4	33	SCAF_4	26100805	26675533	26388169	0.672663873887549	0.000685730833374349	ctnna2	0.0380748122605812	0.65	223	3.63025993962302	FALSE
4	34	SCAF_4	26676657	27653617	27165137	0.777894622511426	0.000396920544477329	ctnna2,mettl14,prss12,ndst3,ugt8,spock3,slc44a1a,dlc1,cabp4,doc2g,tmem134,aip,LOC140378009,ankrd49,usp53b,gucy1b1,helt,acsl1a	1.04118305190391	0.75	143	3.49876676547149	FALSE
4	35	SCAF_4	27673557	28373375	28023466	0.700737052981326	0.000355045541550177	LOC140377838,LOC140377814,glb1,ccdc86,rnf24,smox,fbxo41,LOC140377813,LOC140377230,mxd4,cxxc4,arhgef38,gstcd,npnta	0.306628306989868	0.7	270	3.68590298861305	FALSE
4	36	SCAF_4	28373555	29021393	28697474	0.744053599123143	0.000494028833443508	npnta,aimp1a,LOC140377262,tbck,papss1,lef1,dnajb14,snapc3,rsph3,bnc2,sh3gl2a	0.715606988684287	0.7	270	3.68590298861305	FALSE
4	37	SCAF_4	29021696	29516770	29269233	0.744809183661376	0.000508819125518791	bnc2,sh3gl2a,cntln,foxe1,LOC140378013,LOC140378015,trmo,coro2aa,uso1,pkd2,abcg2d,herc3	0.722293996176219	0.7	270	3.68590298861305	FALSE
4	38	SCAF_4	29520277	30045979	29783128	0.795177022004059	0.00035033124460651	herc3,fam13a,LOC140377725,tbc1d9,rnf150a,znf330,inpp4b,gab1	1.20840349714007	0.75	143	3.49876676547149	FALSE
4	39	SCAF_4	30062873	30818474	30440673.5	0.771717591176583	0.000427494989258385	gab1,smarca5,frem3,hhip,znf827,pou4f2	0.980969445237091	0.75	143	3.49876676547149	FALSE
4	40	SCAF_4	30821204	31599839	31210521.5	0.746100389552447	0.000452111782091412	ednraa,prmt9,arhgap10,nr3c2,dclk2a,lrba	0.736413056394441	0.7	270	3.68590298861305	FALSE
4	41	SCAF_4	31626068	32208069	31917068.5	0.702286733809817	0.000593204957159325	lrba,rps3a,sh3d19,fhip1aa,gatb,fbxw7,tmem154,marchf1,tmem192,LOC140378235,uchl1	0.317989418254864	0.7	270	3.68590298861305	FALSE
4	42	SCAF_4	32212385	32929881	32571133	0.692553543323785	0.000645063588340929	anxa5b,prom1b,lap3,fbxl18,ptcd1,klhl2,msmo1,cpe,tll1,stox2a,casp3a,sart1,pcm1,asah1b,frg1	0.225548316626475	0.65	223	3.63025993962302	FALSE
4	43	SCAF_4	32941485	33722013	33331749	0.705301981315428	0.000494412051190444	fat1a,mtnr1aa,LOC140377011	0.348001922451401	0.7	270	3.68590298861305	FALSE
4	44	SCAF_4	33722701	35197374	34460037.5	0.760135476581446	0.000432259687680382	LOC140377011,pdlim3b,LOC140377527,ift27,LOC140377232,tab1,LOC140378184,LOC140377918,LOC140378100,rps19bp1,LOC140377266,tmprss6,mgat3b,LOC140377281,soul5l,gpr108,LOC140377541,ubn1,LOC140378194,LOC140378108,gaa2,LOC140378021,LOC140378300,txndc11,LOC140378306,LOC140378022,ears2,LOC140378023,LOC140378308	0.870583029547516	0.75	143	3.49876676547149	FALSE
4	45	SCAF_4	35202025	36042540	35622282.5	0.77747848106039	0.000462276115788059	LOC140378308,LOC140378292,LOC140378025,LOC140378307,fgg,dchs2,fam193a,fhdc1,LOC140378293,tmem131l,LOC140378310,LOC140378309,LOC140377237,LOC140378027,LOC140377102,cacng3a,LOC140377020,cacna1hb	1.0341549531974	0.75	143	3.49876676547149	FALSE
4	46	SCAF_4	36044345	36840396	36442370.5	0.650664908856564	0.000756257572110655	cacna1hb,chtf18,slc5a10,ern2,gna12a,LOC140377271	-0.168306908865752	0.65	223	3.63025993962302	FALSE
4	47	SCAF_4	36840615	37750291	37295453	0.738674748947183	0.000390197892446748	LOC140378029,LOC140378030,LOC140378150,LOC140378031,foxk1,radil,LOC140377522,arpc1b,arpc1a,abcg2b	0.667709641155997	0.7	270	3.68590298861305	FALSE
4	48	SCAF_4	37751643	38305795	38028719	0.711540873981581	0.000553634521072709	LOC140377369,LOC140378032	0.406102624111641	0.7	270	3.68590298861305	FALSE
4	49	SCAF_4	38307940	38803076	38555508	0.772455117385777	0.000325597352053707	LOC140378032,alkbh5,LOC140377631,LOC140377702,LOC140378198,LOC140378034,LOC140378036,LOC140378037,pin1,LOC140378213,sh2d3a,trip10b	0.992575274094168	0.75	143	3.49876676547149	FALSE
4	50	SCAF_4	38808294	40460716	39634505	0.789310220977274	0.000379471210826888	LOC140378081,LOC140376999,palb2,iqce,ttyh3b,LOC140378043,LOC140378044,LOC140377597,LOC140378228,yju2b,wdr83,LOC140378092,man2b1,trmt1,nacc1b,stx10,cacna1ab,mfng	1.15085988134005	0.75	143	3.49876676547149	FALSE
4	51	SCAF_4	40464548	41253807	40859177.5	0.637381676570535	0.000710734070721798	LOC140377276,gtpbp1l,psen2,dpy30,LOC140378047,slc8a1a,LOC140377535,pgap4,tpcn3,rcor3,LOC140378048,pex6,LOC140377565	-0.293438983237205	0.6	145	3.50292622822017	FALSE
4	52	SCAF_4	41254089	42871971	42063030	0.591808343291893	0.00065849564715152	LOC140377565,slc22a7a,LOC140377870,LOC140377900,rrp36,LOC140378052,map1lc3c,rbm34,LOC140377895,tbce,LOC140377886,LOC140377869,LOC140377880,gpr137bb,ero1b,LOC140377883,aplf,LOC140377878,prokr1a,kif16ba	-0.723263978876432	0.55	91	3.36155570775314	FALSE
5	0	SCAF_5	470357	2654878	1562617.5	0.682284570959208	0.000951508127623361	map1aa,tp53bp1,cdkn2aip,LOC140380964,LOC140381530,LOC140380795,LOC140380800,serinc4,adamtsl5,prc1b,slc6a5,prmt3,LOC140381484	0.12707482924635	0.65	223	3.63025993962302	FALSE
5	1	SCAF_5	2665619	3134436	2900027.5	0.798311008386027	0.000480506303824415	LOC140381488,shank2b,LOC140381536,LOC140381537,LOC140381113,LOC140381121,LOC140381538,LOC140380629,LOC140381485	1.23104368900887	0.75	143	3.49876676547149	FALSE
5	2	SCAF_5	3156561	3959061	3557811	0.634697327850077	0.000663682815840665	LOC140380629,LOC140381066,chst1,madd,bbox1,LOC140381147,luzp2	-0.319321846319453	0.6	145	3.50292622822017	FALSE
5	3	SCAF_5	3963275	4633824	4298549.5	0.694771834692487	0.000583761721410221	lingo1b,kcnq1.1	0.247122917501806	0.65	223	3.63025993962302	FALSE
5	4	SCAF_5	4640246	5674693	5157469.5	0.772498893461788	0.000405704800676536	trpm5,ttc17,hsd17b12b,lrrc4cb,LOC140381709,slc1a2a,celf1,vps35,fah,arnt2	0.989379494275351	0.75	143	3.49876676547149	FALSE
5	5	SCAF_5	5674874	6687603	6181238.5	0.713825390701026	0.000549121143079324	cemip,minar1,adamts17,tollip,LOC140381562,lrrk1,vstm2b	0.427802155076046	0.7	270	3.68590298861305	FALSE
5	6	SCAF_5	6729226	7454611	7091918.5	0.694983263177312	0.000468740721959373	LOC140381609,rasl12,shcbp1,tssc4,ano9b,pkp3b,cd81a	0.250409308761036	0.65	223	3.63025993962302	FALSE
5	7	SCAF_5	7454853	8157639	7806246	0.749235518792326	0.000430386620856126	LOC140381062,LOC140381201,ccne1,znf536	0.766962126367444	0.7	270	3.68590298861305	FALSE
5	8	SCAF_5	8163235	9422501	8792868	0.674599516869486	0.000560491690412844	znf536,tshz3b,znf507,dpy19l3,LOC140381576	0.0565943953840077	0.65	223	3.63025993962302	FALSE
5	9	SCAF_5	9422502	9999123	9710812.5	0.791420565417115	0.0003828804367557	LOC140381576,mtss1lb,dhcr7,mmp15b,LOC140380700	1.17080121624877	0.75	143	3.49876676547149	FALSE
5	10	SCAF_5	9999340	11297193	10648266.5	0.728427616498421	0.000377137588847328	slc30a4,bloc1s6,LOC140381372,mtch2,plekho2,rwdd3,pcsk6,LOC140380930,nhsb,LOC140380891,cunh15orf48,afg2b,LOC140380976,dtwd1,LOC140380978,fgf7,secisbp2l,fbn1,dut,slc12a1,rnf128a	0.570386140377644	0.7	270	3.68590298861305	FALSE
5	11	SCAF_5	11358853	12119593	11739223	0.757917559448255	0.000416575115434666	dmxl2,gldn,tnfaip8l3,scg3	0.8500885451566	0.75	143	3.49876676547149	FALSE
5	12	SCAF_5	12127257	13487167	12807212	0.720762737053867	0.000460097240675744	scg3,leo1,mapk6,LOC140381499,usp8,hdc,LOC140381390,pde8a,LOC140381157,whamm,homer2,LOC140380867,zrsr2,ap1s2,phka2,LOC140380703,ppef1,rs1a,LOC140381148,LOC140381055,LOC140381127	0.495426065315607	0.7	270	3.68590298861305	FALSE
5	13	SCAF_5	13487221	14000824	13744022.5	0.613238725503961	0.000790694700736598	pcdh17,LOC140381587	-0.518432706771879	0.6	145	3.50292622822017	FALSE
5	14	SCAF_5	14001698	14833225	14417461.5	0.647821691515838	0.00068515273867645	LOC140381587,tdrd3,pcdh20,LOC140381693	-0.195577291748223	0.6	145	3.50292622822017	FALSE
5	15	SCAF_5	14843778	15499191	15171484.5	0.573046188434108	0.00056062156063696	LOC140381693,pou4f1,cyp27c1,LOC140381680,gtf2f2a,wdsub1,baz2ba	-0.90387058912388	0.55	91	3.36155570775314	FALSE
5	16	SCAF_5	15503939	16502598	16003268.5	0.660028849020534	0.000740844999400294	marchf7,ly75,pla2r1,itgb6,rbms1a,fn1b,LOC140380706,tmem39a,LOC140381149,LOC140381192,tgfbrap1,cul4a,lamp1a,grtp1a,tmco3,grk1a,LOC140381117,gas6,rasa3,tpp2,mettl21ca,ercc5,trmt10c,gpc5a,gpc6a	-0.0805646893913763	0.65	223	3.63025993962302	FALSE
5	17	SCAF_5	16502932	17121185	16812058.5	0.599548263395183	0.000518759247034611	gpc6a,lmo7b,slc5a7a,LOC140380657,nsun3,cdh16,LOC140381346,cbfa2t3,acsf3,ankrd11	-0.654447387532794	0.55	91	3.36155570775314	FALSE
5	18	SCAF_5	17121200	18123016	17622108	0.703221695292135	0.000715078954838721	ankrd11,slc22a31,dpep1,LOC140381150,LOC140381741,dhodh,pkd1l3,kif18a,lgr4,mybpc3,spi1b,slc39a13,tmem276b,gas2b,slc17a6b,LOC140380876,igdcc3,strc1,fam189a1,tjp1a	0.325057300755779	0.7	270	3.68590298861305	FALSE
5	19	SCAF_5	18128020	19134827	18631423.5	0.57062838991996	0.000533298136338824	tjp1a,sdhaf2,sord,apba2b,syt7b,ext2,alx4a,plekha7b,sox6,calca,cyp2r1,pde3b,copb1,rras2,tub,ric3a,lmo1,trim66,dennd2b,scube2,sinhcafl,dennd5a	-0.927872066404925	0.55	91	3.36155570775314	FALSE
5	20	SCAF_5	19165529	19796066	19480797.5	0.643502919420671	0.000543168414875196	sbf2,LOC140381106,ctr9,eif4g2a,galnt18b,LOC140380839,greb1,spata17,esrrga,ush2a	-0.237694981436145	0.6	145	3.50292622822017	FALSE
5	21	SCAF_5	19800435	20133633	19967034	0.691043708678194	0.00050173172139999	ush2a,kctd3,LOC140381751,krtcap3,LOC140381548,kif28,ahctf1,LOC140381420,kif26ba,smyd3,cnsta,LOC140381098,gcfc2,itsn2b,eva1a,xkr5b,ctsba,efcab2,kcnk2a	0.212679803683248	0.65	223	3.63025993962302	FALSE
5	22	SCAF_5	20134785	20682812	20408798.5	0.565414476123746	0.000593932650554144	cenpf,galnt2,urb2,abcb10,ccsapb,pdcd2,mis12,dldh,rufy2,LOC140380973,dna2,hk1,kifbp,ddx21,chs1,LOC140380623	-0.974598421247712	0.55	91	3.36155570775314	FALSE
5	23	SCAF_5	20685258	21491186	21088222	0.699350798860921	0.00056192421528147	LOC140380623,myom2b,immp1l,elp4,pax6b,rcn1,prrg4,qser1,depdc7a,kiaa1549lb,spon1a,syt9a,ppfibp2a,mafa	0.290668244276736	0.65	223	3.63025993962302	FALSE
5	24	SCAF_5	21492924	22127345	21810134.5	0.678255764558727	0.000736023997005552	LOC140381638,cox4i1,LOC140381651,gse1b,foxf1,mthfsd,dbndd1,LOC140381666,def8,tcf25,mvda,pdcd5,uraha,LOC140381654,LOC140381640,kif7,LOC140381641,furina,LOC140381366,LOC140381365	0.0904669648894724	0.65	223	3.63025993962302	FALSE
5	25	SCAF_5	22137409	23024392	22580900.5	0.511508258775711	0.000687320734673931	slc38a7,LOC140380925,LOC140381370,cmtr2,prtga,nedd4a,mns1,znf280d,tcf12,cgnl1,aldh1a2,lipca,adam10a,rnf111,myo1ea,ap1g1,phlpp2,crispld2,zfhx3b	-1.47753122651454	0.5	38	3.08510909216493	FALSE
5	26	SCAF_5	23024394	23562337	23293365.5	0.481729978949068	0.000500509737589794	dhx38,cpne7,gcshb,kars1,nfat5b,LOC140381259,usp47,mical2a,tead1b,LOC140380820,LOC140381436,ddias,il4r.1,nip7,zdhhc7,slc7a9,mdga1	-1.77228641969769	0.45	31	3.01821727293924	FALSE
5	27	SCAF_5	23565658	24455031	24010344.5	0.661452631238921	0.000862235808428393	mdga1,esrp2,tln2a,LOC140381176,LOC140381118,LOC140381457,wdr76,sema4ba,LOC140381433,LOC140380937,gnb5b,myo5aa	-0.0668499461819613	0.65	223	3.63025993962302	FALSE
5	28	SCAF_5	24462363	25306626	24884494.5	0.675460505323138	0.000548282322847887	atosa,LOC140381675,igdcc4,loxl1,insyn1,cd276,LOC140381001,LOC140380998,chrna3,LOC140380669,rec114,hcn4	0.0647728245994387	0.65	223	3.63025993962302	FALSE
5	29	SCAF_5	25307674	25538704	25423189	0.543898002103476	0.000755710954024075	hcn4,LOC140381618,LOC140380718,LOC140380781,pkma,LOC140381343,celf6	-1.16938739059051	0.5	38	3.08510909216493	FALSE
5	30	SCAF_5	25538913	26152774	25845843.5	0.681807600946394	0.000447281458871339	celf6,slc12a4,slc6a2,lpcat2,irx6a,fto	0.125403527281154	0.65	223	3.63025993962302	FALSE
5	31	SCAF_5	26155346	27074398	26614872	0.720667323886486	0.000510586675485339	fto,chd9,LOC140381195,tox3,sall1a,gpib,garre1,LOC140381756,LOC140381758	0.493396613487217	0.7	270	3.68590298861305	FALSE
5	32	SCAF_5	27109166	28019227	27564196.5	0.669892026707193	0.000673147289391262	LOC140381517,ulk3,LOC140380831,LOC140381571,LOC140380690,fam219b,LOC140380661,sv2ba,igf1rb,LOC140381413,LOC140381419,LOC140381412,ntrk3b	0.012011564929591	0.65	223	3.63025993962302	FALSE
5	33	SCAF_5	28023333	28989366	28506349.5	0.711564084014668	0.000496515245322554	ntrk3b,mrpl46,pdpr,pnoca,kif13ba,LOC140381108,eprs1,LOC140381059,LOC140381040,LOC140381306,abcc12,LOC140380771,cep89,rhpn2,neto2a	0.407364856681565	0.7	270	3.68590298861305	FALSE
5	34	SCAF_5	28989434	29707527	29348480.5	0.728335925682496	0.00048014201671205	neto2a,itfg1,phkb,adamts18	0.566862931109562	0.7	270	3.68590298861305	FALSE
5	35	SCAF_5	29707586	30228601	29968093.5	0.65105289912702	0.000739256915644667	cdh8	-0.164792280698252	0.65	223	3.63025993962302	FALSE
5	36	SCAF_5	30231674	31205678	30718676	0.767152820488818	0.000443939806781535	adgrg1,slc7a6,LOC140380724,ccdc102a,txlng,rbbp7,bnc1,sh3gl3a,adamtsl3,efl1	0.936840601645069	0.75	143	3.49876676547149	FALSE
5	37	SCAF_5	31207047	32402190	31804618.5	0.737622516088773	0.000443609036955368	efl1,mesd,LOC140381031,pop4,LOC140381032,cngb1a,kifc3,plekhg4,slc9a5,fhod1,cebpg,cebpa	0.656091573272668	0.7	270	3.68590298861305	FALSE
5	38	SCAF_5	32440285	33528297	32984291	0.632547134002404	0.00112601004026303	LOC140380874,wdr59,nob1,cog8,LOC140381579,crybgx,cars1,pex16,arfgap2,LOC140381550,LOC140380736,LOC140380836,cttn,LOC140381446,lrp4,LOC140380737,mapk8ip1b	-0.332814337026556	0.6	145	3.50292622822017	FALSE
5	39	SCAF_5	33529356	34609288	34069322	0.755322915911259	0.000436284733283884	mapk8ip1b,LOC140381214,LOC140381244,zdhhc1,hsd11b2,idh3a,katnb1,LOC140381225,dis3l,LOC140381215,dapk2a,rab11a,herc1,LOC140381240,kmt5b,LOC140381512,gabarapl2,LOC140380742,LOC140381253	0.824653359696879	0.75	143	3.49876676547149	FALSE
5	40	SCAF_5	34638640	35529195	35083917.5	0.703083648789409	0.000514450031605269	LOC140381253,vps13c,galr1b,LOC140381217,LOC140380743,LOC140381146,large2,LOC140381269	0.326664749082034	0.7	270	3.68590298861305	FALSE
5	41	SCAF_5	35534311	36293691	35914001	0.786520374192529	0.0003897591598315	LOC140381282,jph3a,aph1b,LOC140381276,otog,ctsd,LOC140381274,ero1a,pacsin3,LOC140380748,LOC140381692,LOC140380749,LOC140380848,LOC140381483,LOC140380842,LOC140381520,mpped2a,zdhhc13,csrp3,e2f8,nav2a	1.12373239128818	0.75	143	3.49876676547149	FALSE
5	42	SCAF_5	36298341	37661125	36979733	0.686248995853533	0.000720671920384436	nav2a,LOC140381605,LOC140380655,LOC140381600,fgf19,fgf3,ccnd1,brca2,LOC140381749	0.165590661850418	0.65	223	3.63025993962302	FALSE
5	43	SCAF_5	37664465	38333126	37998795.5	0.700954976700382	0.000413618159934975	map2k5,LOC140381594,LOC140381074,uacab	0.307888020815984	0.7	270	3.68590298861305	FALSE
5	44	SCAF_5	38333947	38909125	38621536	0.600696484488182	0.000865642753902351	tle3b,LOC140380752,paqr5b,LOC140380883	-0.633773678012861	0.6	145	3.50292622822017	FALSE
5	45	SCAF_5	38929808	39260296	39095052	0.363135068419498	0.000313278560991823	LOC140381734,LOC140380755,LOC140380756,anp32a,coro2ba	-2.92165562508966	0.35	8	2.54368881914556	FALSE
5	46	SCAF_5	39260421	39917627	39589024	0.66729366918684	0.000665680501845593	coro2ba,itga11a,adamts7,cln6a,trip4	-0.0124443824721951	0.65	223	3.63025993962302	FALSE
5	47	SCAF_5	39922192	41129389	40525790.5	0.582754671111422	0.000875341046972166	znf609b,gramd2aa,myo9aa,LOC140381393,neo1a	-0.800855992586955	0.55	91	3.36155570775314	FALSE
5	48	SCAF_5	41158594	42319618	41739106	0.621565732057111	0.000779417340070698	LOC140381698,csnk1g1,LOC140381358,ddb1,tspan4a	-0.440693994637135	0.6	145	3.50292622822017	FALSE
6	0	SCAF_6	13108	2843865	1428486.5	0.62550350071241	0.000424114154497192	LOC140347058,med27,LOC140347253,LOC140346720,LOC140347277,bmp3,snapc4,abca2,abcb9,LOC140346369,nudt12,LOC140347289,adamtsl2,mymk,ptrh1,tor2a,cep120,p2rx7,cfap251,znf608,gramd2b,LOC140346765,snx2,sncaip,LOC140346766,shld3,LOC140346583	-0.410255523528945	0.6	145	3.50292622822017	FALSE
6	1	SCAF_6	2847440	3450440	3148940	0.542956465019066	0.000783511622043769	LOC140346583,LOC140346469,LOC140347057,LOC140346477,LOC140346706,LOC140347090,lrrc2,LOC140347082,LOC140347096,LOC140347084,c5,LOC140347089,ciz1b	-1.17677831038209	0.5	38	3.08510909216493	FALSE
6	2	SCAF_6	3460927	4457619	3959273	0.737565700410921	0.00048411670453187	brd3b,grin1b,dok2,LOC140346782,qsox2,cfap77,tsc1a,antxr2a,LOC140346789,paqr3a,bmp2k	0.654354465165926	0.7	270	3.68590298861305	FALSE
6	3	SCAF_6	4475940	5269216	4872578	0.722824615492608	0.000544680197260304	bmp2k,fam151b,LOC140346507,LOC140346509,fras1,cnot6l,eeig1a,slc25a25a,LOC140346616,LOC140347129,LOC140347007	0.513060284582748	0.7	270	3.68590298861305	FALSE
6	4	SCAF_6	5295070	6232933	5764001.5	0.757722298997153	0.000457724526445263	LOC140347401,LOC140347323,LOC140346977,wdr31	0.846652774855605	0.75	143	3.49876676547149	FALSE
6	5	SCAF_6	6239464	6905514	6572489	0.659534264726466	0.000667970435154271	LOC140346823,LOC140346549,LOC140346833	-0.0854797062970168	0.65	223	3.63025993962302	FALSE
6	6	SCAF_6	6905606	7291872	7098739	0.593741388277053	0.000580250028380533	LOC140346833,LOC140346834,egflam,LOC140346835,LOC140346936,nipbla,ndc80,LOC140347149	-0.707519995998915	0.55	91	3.36155570775314	FALSE
6	7	SCAF_6	7298140	7523954	7411047	0.493494387462155	0.000662419757297829	golm1,LOC140347302,naa35,agtpbp1,LOC140346679,ntrk2a	-1.64876101658602	0.45	31	3.01821727293924	FALSE
6	8	SCAF_6	7524074	8026032	7775053	0.571999696825386	0.000797320415579767	ntrk2a,hnrnpk,rmi1,qng1,LOC140346851,LOC140346852,gkap1,LOC140346853,fem1c,LOC140346913,LOC140346542	-0.904245633876033	0.55	91	3.36155570775314	FALSE
6	9	SCAF_6	8027140	8649647	8338393.5	0.665514664460817	0.000752051045887849	rasef,LOC140347575,LOC140346713,LOC140347580,LOC140347579,LOC140347581,araf,LOC140346527,LOC140346552,lrp13,LOC140346387,rchy1,LOC140347614,LOC140346863	-0.0290801616664569	0.65	223	3.63025993962302	FALSE
6	10	SCAF_6	8651546	9077375	8864460.5	0.613361782424267	0.000707309309393857	erlin2,ch25hl3,bmp10,arhgap25,cds2,LOC140346386,niban2b,stxbp1b,LOC140346869	-0.519181311065689	0.6	145	3.50292622822017	FALSE
6	11	SCAF_6	9081442	9317112	9199277	0.678814926096317	0.000518009708639196	LOC140346869,noxa1,dpp7,man1b1b,LOC140346870,LOC140346871,cacna1ba	0.0966466618247124	0.65	223	3.63025993962302	FALSE
6	12	SCAF_6	9322931	9588194	9455562.5	0.441528592376216	0.000916988961415385	cacna1ba,ehmt1a,arrdc1a,LOC140347148,LOC140347416,nelfb	-2.1142954447998	0.4	12	2.69175538018399	FALSE
6	13	SCAF_6	9588203	9923347	9755775	0.517302053819348	0.000950353942697189	LOC140346528,fgf17,fkbp15b,ccn1l2,LOC140347409,LOC140346626,bcl2l16,glipr2	-1.40677318245474	0.5	38	3.08510909216493	FALSE
6	14	SCAF_6	9926151	10151387	10038769	0.630101118151028	0.00066065045669755	crb2b,ercc6l	-0.362641331163595	0.6	145	3.50292622822017	FALSE
6	15	SCAF_6	10158631	10802635	10480633	0.718154024472269	0.000546760393017586	lhx2b,adgrd2,nr5a1a,nr6a1a,LOC140346892,golga1,LOC140346610	0.468811859619041	0.7	270	3.68590298861305	FALSE
6	16	SCAF_6	10809312	11263395	11036353.5	0.785167988534157	0.000501963041688981	LOC140346437,slc4a5a,LOC140347297,tacr1a,ncaph,vamp8,vamp5,gcn1,LOC140347299,citb	1.10522490881311	0.75	143	3.49876676547149	FALSE
6	17	SCAF_6	11263403	11541976	11402689.5	0.659655892306179	0.000556152511953747	citb,mtmr3,cux2b	-0.0847557442148214	0.65	223	3.63025993962302	FALSE
6	18	SCAF_6	11542010	11834920	11688465	0.735825565817497	0.000342343721382944	cux2b,LOC140346973,anapc7,atp2a2a,ift81,LOC140346441,specc1la	0.641951771856658	0.7	270	3.68590298861305	FALSE
6	19	SCAF_6	11835365	12153318	11994341.5	0.498761662355618	0.000570266317663069	adora2aa,upb1,gucd1,zbtb26,susd1,npffr1l2,hk2,add2	-1.60574159142541	0.45	31	3.01821727293924	FALSE
6	20	SCAF_6	12156448	12567084	12361766	0.696585450526152	0.000562634471490646	add2,snrnp27,mxd1,neff1,tet3,ap3m2,kat6a,cdca2,sema4c	0.264507429884374	0.65	223	3.63025993962302	FALSE
6	21	SCAF_6	12568761	13417130	12992945.5	0.727985533254266	0.00049126099426035	ap3m2,tbx1,gnb1l,txnrd2.2,arvcfb,tango2,dgcr8,zdhhc8b	0.563254957649918	0.7	270	3.68590298861305	FALSE
6	22	SCAF_6	13422582	13886150	13654366	0.646641077977325	0.000695528747167867	zdhhc8b,pgam5,LOC140347040,chfr,fbrsl1	-0.20658675820735	0.6	145	3.50292622822017	FALSE
6	23	SCAF_6	13888130	14555980	14222055	0.789069288301613	0.000355796707115762	galnt9,htr7c,piwil2,LOC140347402,idua,LOC140347241,pxnb,ctu1,LOC140346948,msi1b,pla2g1b,hps4,mlec,cabp1a,vsig8b,dock5	1.14980067410502	0.75	143	3.49876676547149	FALSE
6	24	SCAF_6	14561234	15333113	14947173.5	0.658800263670149	0.00085736811258605	dock5,cabin1,tbx16,klhl22,fgfr1a,lgi3,chmp7,ccdc92,ncor2,ep400,adgrd1,stx2b,mfsd3,rorb,trpm6,lsm1,aebp1b,npc1l1,LOC140346989,hpdb	-0.0916230723797635	0.65	223	3.63025993962302	FALSE
6	25	SCAF_6	15343225	15812473	15577849	0.462787842708347	0.000405619301229009	aplnra,LOC140346657,sf3a1,ccdc157,LOC140346624,dtx1,slc20a1a,vgll4l,syn1,gapvd1,pbx3b,LOC140347266	-1.96030200334924	0.45	31	3.01821727293924	FALSE
6	26	SCAF_6	15812764	16505384	16159074	0.629502836624617	0.000846193533739877	LOC140347266,lmx1bb,angptl2b,LOC140346790,slc15a4,glt1d1,LOC140346434,rimbp2b,LOC140347168,tmc1,zfand5a,gatd3l,adra1aa,vps33a,LOC140346648,LOC140347181	-0.36528248628273	0.6	145	3.50292622822017	FALSE
6	27	SCAF_6	16505592	17097266	16801429	0.669975194795685	0.000565333998698491	LOC140347181,LOC140346916,LOC140347539,LOC140346617,mn1b,tgoln2,tcf7l1b,arid5a,LOC140346443,polr3d,inpp5l,nkx6.3,LOC140346787,sorbs3	0.0128557362132105	0.65	223	3.63025993962302	FALSE
6	28	SCAF_6	17098783	17596026	17347404.5	0.656597062834994	0.000561431434027564	sorbs3,pdlim2,adgra2,got1l1,adrb3a,aak1a,LOC140346546,antxr1a,kansl3,bmp1a,disp3,prkg1l,acsl2,bin3,LOC140347519,LOC140346582,gda,cunh9orf85,abhd17b	-0.113664289138483	0.65	223	3.63025993962302	FALSE
6	29	SCAF_6	17596164	18327694	17961929	0.586162012601029	0.00054583317873083	abhd17b,cemip2,trpm3,klf9,fam219ab,bco2l,LOC140346776,lzts1,adgrv1,ssh1a,sgsm1a,trpv4,fam222aa	-0.780340865023915	0.55	91	3.36155570775314	FALSE
6	30	SCAF_6	18341763	19304596	18823179.5	0.625477153100364	0.000586762367569375	foxn4,acacb,pole,pes,lztr1,LOC140347128,plekha2,LOC140346580,LOC140347607,dnajb5,epg5,LOC140346845,setbp1,serinc5,thbs4a,mtx3,homer1b,LOC140346374,pip5k1bb,sv2ca,iqgap2,f2r,LOC140346814,LOC140347435,LOC140347051,LOC140347281,LOC140347374,vcana,hapln1a,edil3a	-0.407516161043714	0.6	145	3.50292622822017	FALSE
6	31	SCAF_6	19324113	20113758	19718935.5	0.518220475824489	0.00075257842667793	edil3a,LOC140347503,tmem161b,mef2cb,rhobtb4,nol6,aqp3a	-1.4103412865981	0.5	38	3.08510909216493	FALSE
6	32	SCAF_6	20114097	20511936	20313016.5	0.654370086390803	0.000473815950477538	nr2f1a,arb2a,kiaa0825	-0.135256697469967	0.65	223	3.63025993962302	FALSE
6	33	SCAF_6	20513394	21063682	20788538	0.769662830974263	0.000426356852088806	kiaa0825,mctp1a,fam81b,grsf1,rufy3,slc4a4a,npffr2a,adamts3,smarca2,dmrt3a	0.961468846034335	0.75	143	3.49876676547149	FALSE
6	34	SCAF_6	21081309	21949507	21515408	0.683827714566822	0.00060535393218366	cfap157,kank1a,LOC140347155,dapk1,LOC140347064,LOC140347234,LOC140347055,rasgrf2b,msh3,LOC140346621,adra2b,gpat2,LOC140346877,kcnip3b,rassf2b,nsd3,cdc45,LOC140347078,dhx37,acaa2,rpl6,ikbkb,plat,cltcl1,LOC140347226,LOC140347202,pi4kab,utp15	0.143584958674692	0.65	223	3.63025993962302	FALSE
6	35	SCAF_6	21954199	22911671	22432935	0.615700640680996	0.000808448775887358	LOC140346523,ykt6,gck,LOC140346556,LOC140346555,fsta,ndufs4,arl15a,cspg4ba,LOC140346557,lipg,LOC140347341,gpx8,LOC140346999,tut7,LOC140346532,tmem8b,tars1,atosb,gak,aacs,LOC140346673	-0.494999542161808	0.6	145	3.50292622822017	FALSE
6	36	SCAF_6	22914484	23689070	23301777	0.753909350714091	0.00054760948480576	LOC140346673,gldc,prlrb,malt1,emb,LOC140346802,scarb2a,ccng2,LOC140347509,shoc1,krt1-c5,ptgs1,LOC140347455,inpp5e,LOC140347285,ubac1,camsap1b,kcnt1b	0.807155470852892	0.75	143	3.49876676547149	FALSE
6	37	SCAF_6	23689184	24388091	24038637.5	0.621316882944423	0.000665074341397652	kcnt1b,LOC140347379,LOC140347552,LOC140347456,LOC140346726,rtn4r,prodhb,scarf2	-0.445263810619849	0.6	145	3.50292622822017	FALSE
6	38	SCAF_6	24389461	25448547	24919004	0.731265362964248	0.000576326885670048	scarf2,selenoe,cabp7a,nf2a,tesca,fbxw8,rnft2,lrrc74b,nos1,ksr2,vsig10,taok3a,suds3,srrm4,ghra,fbxo4,rimoc1	0.592108968998945	0.7	270	3.68590298861305	FALSE
6	39	SCAF_6	25454281	26544699	25999490	0.690579117238279	0.000575519297026097	sema6a,commd10,ap3s1,LOC140347459,LOC140346728,LOC140346886,LOC140346518,LOC140346381,ckap2l,LOC140347143,camk2b1,susd2,kremen1,znrf3,znf131,nim1ka	0.207586654468124	0.65	223	3.63025993962302	FALSE
6	40	SCAF_6	26548139	27226557	26887348	0.712299516603482	0.00060474661182847	efna5b,fbxl17	0.412337809749926	0.7	270	3.68590298861305	FALSE
6	41	SCAF_6	27226651	28273723	27750187	0.711438352033846	0.000588664869510809	fbxl17,cdc14b,ubox5,lzts3b,smyd1b,LOC140346745,mrps27,loxhd1b,ark2cb,atp5fa1,LOC140347184,rnf122,ostf1,mapkapk5,atxn2,sh2b3,dock8,aopep,fancc,ptch1	0.404499062170144	0.7	270	3.68590298861305	FALSE
6	42	SCAF_6	28280625	29556549	28918587	0.724320944065454	0.000546213243073753	ptch1,ercc6l2,ipo11,rnf180a,rgs7bpa,c7a,apba1a,mamdc2a,zfr,plcxd3,oxct1a,LOC140347394,hsd17b4,rab3c,pde4d	0.527186070448123	0.7	270	3.68590298861305	FALSE
6	43	SCAF_6	29567896	30347241	29957568.5	0.793551208852905	0.000358352826015335	pde4d,ercc8,ndufaf2,LOC140346568,LOC140347144,pgm5,foxd5,cbwd,mapk4,LOC140346377,tspan36,LOC140346380,smarcad1a	1.19244437031975	0.75	143	3.49876676547149	FALSE
6	44	SCAF_6	30360383	30948753	30654568	0.743395496086	0.000451244792862638	grid2	0.710733653279664	0.7	270	3.68590298861305	FALSE
6	45	SCAF_6	30967094	31750514	31358804	0.690087222395764	0.000731286382123829	grid2,ccser1,trim36,LOC140347035,frmd3,LOC140346734,rabl6b	0.201540204076134	0.65	223	3.63025993962302	FALSE
6	46	SCAF_6	31758351	32738587	32248469	0.734543471395133	0.000601733539968977	rabl6b,traf2a,tncb,LOC140347356,nsmfb,LOC140346677,lman2lb,htra4	0.622384879748309	0.7	270	3.68590298861305	FALSE
6	47	SCAF_6	32739585	33752680	33246132.5	0.693509834420732	0.000699073289090575	unc5db,LOC140346541,LOC140347364,cyb561a3a,LOC140346735	0.233998374588716	0.65	223	3.63025993962302	FALSE
6	48	SCAF_6	33752697	34229705	33991201	0.565551465598846	0.000772166592238236	LOC140347592,LOC140347590,LOC140346783	-0.965660195080067	0.55	91	3.36155570775314	FALSE
6	49	SCAF_6	34279098	35830224	35054661	0.746383650530163	0.000637124336937762	LOC140346709,LOC140347473,LOC140346682,vps37ba,LOC140347588,LOC140346906,gle1,vps13a,pcsk5b,LOC140347500,LOC140347475,LOC140347146,LOC140347476,LOC140346957,LOC140347358,LOC140346751,rsph14,LOC140347526	0.733005779504197	0.7	270	3.68590298861305	FALSE
6	50	SCAF_6	35830958	37604700	36717829	0.845556223701144	0.000363583840377877	LOC140346545,LOC140346937,tti2,LOC140346360,gtf2h3,mlxip,LOC140347072,clip1a,kntc1,hip1rb,LOC140347333,rilpl2,kmt5ab,smtnb,ank1a,ebf2,LOC140347080	1.68840262117656	0.8	28	2.98439383856425	FALSE
6	51	SCAF_6	37604701	38955565	38280133	0.68172618128593	0.0007319866899694	inpp5jb,mat2ab,cunh2orf68,usp39,sftpbb,ydjc	0.123056639143605	0.65	223	3.63025993962302	FALSE
6	52	SCAF_6	38955686	39968323	39462004.5	0.672253235962322	0.000852332313529973	ube2l3b,fam189a2,LOC140346978,arid3c,emid1,rhbdd3,ewsr1b,gas2l1,ap1b1	0.0339633074578639	0.65	223	3.63025993962302	FALSE
6	53	SCAF_6	39968520	41107904	40538212	0.638192853742611	0.000752663383484725	ap1b1,rasl10a,osbp2b,npr3,LOC140346599,LOC140346595,ccdc125,rad17,ak6,rusc2	-0.285290657706383	0.6	145	3.50292622822017	FALSE
7	0	SCAF_7	5044	2893155	1449099.5	0.737388285812137	0.000498985856764485	LOC140349278,mpi,ppib,adpgk,LOC140349280,LOC140348657,rlbp1b,LOC140349281,pik3c2a,LOC140349179,LOC140349537,pdia3,LOC140349453,ticrr,hsd17b12a,api5,LOC140349183,ampd3b,swap70b,LOC140349111,LOC140348865,LOC140349355,nup160,LOC140349060,LOC140349284,tbc1d15,LOC140348643,lrrk2,slc6a15,LOC140349287,smc1b,borcs5,znf143b	0.652234166354366	0.7	270	3.68590298861305	FALSE
7	1	SCAF_7	2900218	4124028	3512123	0.69890984317786	0.000649593306055099	wee1,hsd17b2,rbl2,nts,mgat4c,eif4g2b,LOC140349298,cep290,tmtc3	0.285381394133431	0.65	223	3.63025993962302	FALSE
7	2	SCAF_7	4124151	5294092	4709121.5	0.734482609881064	0.000480765652550613	kitlga,LOC140349299,dusp6,cpa5,tes,cav1,met,LOC140348895,LOC140348845,asz1,cftr,cttnbp2	0.625189471907037	0.7	270	3.68590298861305	FALSE
7	3	SCAF_7	5314426	5957148	5635787	0.579865055514741	0.000692787487040389	cttnbp2,LOC140349063,LOC140348907,LOC140349618,rpgrip1l,ambra1b,LOC140349577,LOC140349041,ap3b2,LOC140349306,LOC140349307,LOC140348950,glsl,LOC140348951	-0.834461495400488	0.55	91	3.36155570775314	FALSE
7	4	SCAF_7	5958429	6727380	6342904.5	0.737572254340867	0.000339614340338804	LOC140348951,LOC140349169,LOC140349454,LOC140349382,gtse1,LOC140349309,LOC140349310,lamb4,lamb1a,snx22,cd59b,prdm11,LOC140349116,LOC140349055,sv2,LOC140348826,ireb2,slc25a44a	0.658717180005051	0.7	270	3.68590298861305	FALSE
7	5	SCAF_7	6727770	7462411	7095090.5	0.760083910035548	0.000543592858873606	skic8,LOC140349316,crabp1a,sin3aa,ptpn9a,snupn,snx33,cspg4	0.865742560714898	0.75	143	3.49876676547149	FALSE
7	6	SCAF_7	7469372	7973177	7721274.5	0.72696880731291	0.000555351222350247	""	0.552019167542812	0.7	270	3.68590298861305	FALSE
7	7	SCAF_7	7978950	8935141	8457045.5	0.761529634917071	0.000450650947297627	peak1,syt12,cat,hsf4,LOC140349565,cbfb,LOC140349326,znf423	0.883110444027409	0.75	143	3.49876676547149	FALSE
7	8	SCAF_7	8935267	10025324	9480295.5	0.805415543224923	0.000303826857760569	znf423,LOC140348858,cbln1,n4bp1,siah1,sf3b3,st3gal2,zpd,nup93,fbxl9,steep1,elmo3,LOC140348987,ferry3,ccnd2a,cdh13	1.30893808954989	0.8	28	2.98439383856425	FALSE
7	9	SCAF_7	10033733	10884443	10459088	0.754216726088934	0.000424768371465028	cdh13,ferry3,mlycd,LOC140348695,hsbp1b,LOC140348707,kcng4a,LOC140349534,dyrk4,LOC140349416,ada2a,cecr2,wee2,dennd11,agk,nup205,fgd4a,bicd1a,slc23a4,LOC140349295	0.814557016067764	0.75	143	3.49876676547149	FALSE
7	10	SCAF_7	10890676	21491167	16190921.5	0.684844152595889	0.000620467695070533	cln6b,fem1b,itga11b,LOC140349224,znf609a,gramd2ab,LOC140348794,LOC140348798,LOC140349407,tgm2l,cpne2,nlrc5,calb2a	0.153075961897808	0.65	223	3.63025993962302	FALSE
7	11	SCAF_7	21491590	22077098	21784344	0.597067475462878	0.00126898463562927	calb2a,pnp6,hydin,LOC140348484,necab2,slc38a8a,mbtps1,nrn1la,edc4,ranbp10,det1,map1lc3b,zcchc14,jph3b	-0.656213293891055	0.55	91	3.36155570775314	FALSE
7	12	SCAF_7	22089042	22425739	22257390.5	0.646025365385555	0.000887499459272842	slc7a5,ca5a,uba2,lcat,pla2g15,fa2h,ano10b,snrkb,LOC140349283,LOC140349002,LOC140348862,LOC140348854,LOC140348610,agbl1	-0.210596128185909	0.6	145	3.50292622822017	FALSE
7	13	SCAF_7	22426919	23101472	22764195.5	0.562015138541986	0.000635615824603912	agbl1,LOC140349397,zc3h18,utp4,chtf8,has3,tango6,cry2,cstpp1,LOC140348915,enc2,LOC140349489,septin15,smpd3,LOC140349433,ndrg4,znrf1,ldhd,anpeplb,chka,herpud1,slc12a3	-1.0048347004362	0.55	91	3.36155570775314	FALSE
7	14	SCAF_7	23101851	24206198	23654024.5	0.635353388079478	0.000707396746664448	LOC140349582,bmal1a,ppfibp2b,mical2b,parvaa,tead1a,rassf10a,syt9b,spon1b,LOC140349117,LOC140349440,dnajc24,ric8a,lrp5,bcar1,pard6a,trhr2,zfpm1	-0.312540530836347	0.6	145	3.50292622822017	FALSE
7	15	SCAF_7	24206719	25165425	24686072	0.767064848628642	0.000479114872573205	zfpm1,acd,kiaa0513,gan,cmip,plcg2,klhl36,tat,LOC140349471,pdf,LOC140349483,vps9d1,saxo4,syt7a,slc25a22a,LOC140349525,best1,muc5.1,muc2.1,saal1,kcnc1b,LOC140348888,ano5a,LOC140348606,fancf,gas2a,ano3,LOC140349178,myo5c,LOC140349500,LOC140349331	0.934519712807122	0.75	143	3.49876676547149	FALSE
7	16	SCAF_7	25194698	25885250	25539974	0.665824981630269	0.00067106555978489	LOC140348776,LOC140349231,LOC140349059,LOC140349332,LOC140349441,dnm1l,LOC140348544,LOC140349353,cnot4a,tmpob,ldhbb,golt1bb,chchd3b,tasor2,taf3,LOC140348688,dhtkd1	-0.0262637664286488	0.65	223	3.63025993962302	FALSE
7	17	SCAF_7	25896583	27157979	26527281	0.729701107077146	0.000552284692124578	camk1db,LOC140349437,LOC140349185,LOC140348495,LOC140348496,nr2c1,LOC140349494,LOC140349496,LOC140349432,LOC140348448,nt5dc3,LOC140349235,hbp1,LOC140348856,LOC140348860,LOC140349044,plekha5,LOC140349575,LOC140349222,LOC140348740	0.577945940342988	0.7	270	3.68590298861305	FALSE
7	18	SCAF_7	27164978	28299624	27732301	0.692018903252928	0.000586107967380945	tspan18b,LOC140349448,nat10,LOC140349459,syt18b,arid3b,pkmb,nptna,LOC140348980,LOC140348693,atp8b4,cep152,LOC140348564,tjp1b,duox,duox2,LOC140349147,LOC140348717,rfx7b,LOC140349106,rsl24d1,fbln1,wnt7bb,kcnq1.2,LOC140349220	0.221090169753419	0.65	223	3.63025993962302	FALSE
7	19	SCAF_7	28319702	29515130	28917416	0.690189317984981	0.000578478551797304	LOC140349220,LOC140348775,adck2,srpk2,hdac10,parvb,parvg,shisal1b,phf21ab,LOC140348542,LOC140349037,nedd1,LOC140348499,LOC140349241,LOC140349558,LOC140348547,LOC140348500,pot1,gpr37a,hyal4,hyal6	0.203875544205959	0.65	223	3.63025993962302	FALSE
7	20	SCAF_7	29516966	30685137	30101051.5	0.691053741284281	0.000547541226847765	hyal6,iqub,slc13a1,cadps2,fezf1,aass,ptprz1a,LOC140348663,LOC140349493,LOC140348660,LOC140348664,LOC140348661,LOC140348666,LOC140348662,lsp1a,prr33,LOC140348761	0.212338047353982	0.65	223	3.63025993962302	FALSE
7	21	SCAF_7	30690550	31965512	31328031	0.770968798906529	0.000394248052059707	syt8,dld,LOC140348676,glg1a,rfwd3,tmed6,ankrd27,tdrd12,nfatc3b,LOC140348627,LOC140348902,magi2b,LOC140349619,LOC140348508,fbxl13,LOC140348849,LOC140349600,wnk1a,LOC140348462,LOC140348540,psmd7,nudt7,LOC140349553,wwox	0.975313844770061	0.75	143	3.49876676547149	FALSE
7	22	SCAF_7	31971419	32984715	32478067	0.755789969213769	0.000439544407796726	LOC140348511,LOC140348935,LOC140349479,prrt4a,impdh1a,frmd4a,LOC140349478,terb1,neto2b,LOC140348514,LOC140349089,LOC140349533,rabl2,shank3a	0.8289731939696	0.75	143	3.49876676547149	FALSE
7	23	SCAF_7	32985109	33943728	33464418.5	0.700711217311285	0.000538202768930524	rabl2,LOC140349091,LOC140349568,cpt1b,bend7,LOC140348966,LOC140348948,LOC140348782,fam107b,elapor2a,grm3,sema3d,sema3ab	0.303856477652698	0.7	270	3.68590298861305	FALSE
7	24	SCAF_7	33947294	34953743	34450518.5	0.754786888117836	0.000520313507027193	sema3ab,sema3e,pclob,LOC140348519,LOC140348520,hgfb,lrrc4.2	0.816458323985586	0.75	143	3.49876676547149	FALSE
7	25	SCAF_7	34953790	35446621	35200205.5	0.649160414177367	0.000703721658908187	rbm28,vwf,cd9a	-0.182835831663584	0.6	145	3.50292622822017	FALSE
7	26	SCAF_7	35476969	37245934	36361451.5	0.519503013836461	0.000610093013472168	LOC140348632,kcp,LOC140349318,dnaja2b,ppp6r2b,lmf2a,c2cd5,ddx11,wash1,iqsec3b,ptprq,vps4a,sntb2	-1.40715783067903	0.5	38	3.08510909216493	FALSE
7	27	SCAF_7	37246479	38011963	37629221	0.44585807771537	0.000364466732615857	sntb2,spire2,tmem231,wwp2,coq9,slco3a1a,fam174b,chd2	-2.12551170268705	0.4	12	2.69175538018399	FALSE
7	28	SCAF_7	38012066	39011911	38511988.5	0.6876971067925	0.00058664870047448	chd2,rgma	0.180257918528245	0.65	223	3.63025993962302	FALSE
7	29	SCAF_7	39012006	39549869	39280937.5	0.624070120536446	0.000625588191955838	nr2f2	-0.42008085072985	0.6	145	3.50292622822017	FALSE
7	30	SCAF_7	39554129	40390889	39972509	0.593542742297123	0.000778311627364115	mctp2a,mef2aa	-0.703206130308561	0.55	91	3.36155570775314	FALSE
7	31	SCAF_7	40597385	41004230	40800807.5	0.633927893576606	0.000653985419857289	synm,LOC140348800	-0.326706072197604	0.6	145	3.50292622822017	FALSE
8	0	SCAF_8	1218368	1603716	1411042	0.903488196498473	4.28776917909001e-05	cyp26c1,LOC140351035,slc22a15,LOC140351455,kif11	2.27465883322895	0.9	4	2.27565241302896	FALSE
8	1	SCAF_8	1605034	3256058	2430546	0.910703514028356	4.44691893434754e-05	kif11,LOC140350922,slc30a6,sptbn1	2.34436169857592	0.9	4	2.27565241302896	TRUE
8	2	SCAF_8	3257814	4221723	3739768.5	0.632680416604184	0.000689630571495255	LOC140351606,LOC140351240,LOC140351607,LOC140351382,usp54a,LOC140351197,cdh5,bean1	-0.337921588207023	0.6	145	3.50292622822017	FALSE
8	3	SCAF_8	4223201	5154278	4688739.5	0.708532690320653	0.000404523856930313	bean1,LOC140350997,slf2,washc2c,marchf8,slc25a16,tet1,LOC140351613,LOC140351478,ccar1,stox1,LOC140351095,mat1a,sfxn3,pdzd7a,lzts2a	0.380188661395651	0.7	270	3.68590298861305	FALSE
8	4	SCAF_8	5157174	6136506	5646840	0.767106656489557	0.000369832305803569	LOC140351071,efemp1,mark1,LOC140351337,cdhr1a,chst3a,pax2a,hif1an,wnt8b,scdb	0.939553900208758	0.75	143	3.49876676547149	FALSE
8	5	SCAF_8	6142756	6629380	6386068	0.48202505906759	0.000943375322129278	slc18a3a,chata,parga,LOC140351318,herc4,fam83ha,lrrfip2	-1.7352693816323	0.45	31	3.01821727293924	FALSE
8	6	SCAF_8	6629445	7088483	6858964	0.627323469948187	0.000758711095287109	dact2,smoc2,eif3s6ip,cdh23,vsir,plpp4	-0.387115776455429	0.6	145	3.50292622822017	FALSE
8	7	SCAF_8	7091921	7897455	7494688	0.649369840434773	0.000725936934327881	plpp4,wdr11,fgfr2,LOC140351474,LOC140350973,nanp,cyp1b1,rmdn2	-0.180690517493898	0.6	145	3.50292622822017	FALSE
8	8	SCAF_8	7907755	8732540	8320147.5	0.68968636834261	0.000588146770345771	rmdn2,cdc42ep3,opn3,kmo,ide,LOC140350765,ablim1a,fhip2a,srfb,ptk7b,LOC140351671,mrpl2,LOC140350858	0.199036664556738	0.65	223	3.63025993962302	FALSE
8	9	SCAF_8	8733891	9493264	9113577.5	0.720694563047734	0.000401688399274456	LOC140350858,npas4l,klhdc3,mymx,ntpcr,sipa1l2	0.496087791655435	0.7	270	3.68590298861305	FALSE
8	10	SCAF_8	9498867	10140457	9819662	0.69408112504932	0.000668545147763906	sipa1l2,disc1,tsnax,egln1a,gpr137ba,nid1a,lyst,LOC140351344,b3galnt2,arid4b	0.239691820344101	0.65	223	3.63025993962302	FALSE
8	11	SCAF_8	10163027	11172827	10667927	0.678109164450682	0.000609250540298205	arid4b,LOC140350907,heatr5b,LOC140351660,vit,opn6a,memo1,mkks,slx4ip,jag1b,sptlc3,ism1,tasp1,macrod2	0.0895927459231101	0.65	223	3.63025993962302	FALSE
8	12	SCAF_8	11200718	12300477	11750597.5	0.684030250404491	0.000581359066833108	macrod2,kif16bb,mertka,oit3,sft2d1,prr18,tbxtb,pde10a,mcu,micu1,unc5b	0.145652436640076	0.65	223	3.63025993962302	FALSE
8	13	SCAF_8	12308945	13221317	12765131	0.696906024806794	0.000571728874262376	ly6pge,tacc2,nsmce4a,LOC140351602,LOC140350949,capn1a,LOC140350952,LOC140351565,rrbp1a,zc3h6,itga9,golga4,kcnk12,foxn2a,lhcgr,LOC140351099	0.267430330788653	0.65	223	3.63025993962302	FALSE
8	14	SCAF_8	13226336	13842611	13534473.5	0.608993314581258	0.000704672560140577	LOC140351099,psme4a,wdr27,thbs2a,slc35f3b,col9a1b,LOC140350759	-0.560293937444822	0.6	145	3.50292622822017	FALSE
8	15	SCAF_8	13855034	14454668	14154851	0.621594972723069	0.000607987068488332	LOC140350759,lmbrd1,adgrb3,eys,phf3,khdrbs2	-0.443769877672746	0.6	145	3.50292622822017	FALSE
8	16	SCAF_8	14457663	15294182	14875922.5	0.624845124546065	0.000742754920740849	prim2,znf451,dst,LOC140351546,col21a1,bmp5,hmgcll1,gfral,hcrtr2,mlip,LOC140351496,lrrc1,gclc,elovl5,LOC140351085,tmem14a,agpat5,angpt2a,mcph1,LOC140351632,LOC140351502,dusp13a,ap3m1,LOC140351062,LOC140351420,mtg1,rassf4a,ercc6,cunh10orf71,vstm4a,wdfy4,lrrc18a,mapk8a	-0.410638416537835	0.6	145	3.50292622822017	FALSE
8	17	SCAF_8	15310839	16445977	15878408	0.711083532096721	0.00048670297631881	znf488,antxr1d,zdhhc16a,sufu,pprc1,prom2,LOC140351150,abcc2,LOC140351692,LOC140351618,slit1a,morn4,hpse2,crtac1b,golga7bb,sfrp5,LOC140351273,b3gnt2b,LOC140350980,LOC140351397,ehbp1	0.40298474411143	0.7	270	3.68590298861305	FALSE
8	18	SCAF_8	16448221	17209945	16829083	0.730912999966611	0.000481575308179873	otx1,wdpcp,ugp2b,peli1b,abch1,LOC140351442,LOC140351677,LOC140351515,LOC140351189,LOC140351289,kcnq5a,ddx43,slc8a1b	0.591286250340227	0.7	270	3.68590298861305	FALSE
8	19	SCAF_8	17218474	18123117	17670795.5	0.750840624369069	0.000456216989227658	slc8a1b,mrps5,LOC140351004,anapc1,fbxo5,LOC140351224,kcnh1a,hhat,camk2g2,ccdc88ab,LOC140351609,cfap36,LOC140351291,srbd1	0.781319272237491	0.75	143	3.49876676547149	FALSE
8	20	SCAF_8	18135757	18835770	18485763.5	0.641596480190115	0.000618431926945033	camkmt,slc3a1,lrpprc,cep170aa,rtkn2,arid5b,tnfaip3,sdccag8,akt3a,zbtb18,adss2,LOC140351640,olig3,map3k21,pcnx2	-0.254881813508516	0.6	145	3.50292622822017	FALSE
8	21	SCAF_8	18838455	19430411	19134433	0.620081713167299	0.00042508984538243	rgs17,oprm1,phactr2,LOC140351383,LOC140351038,itsn1,zc3h15,rbm45,LOC140350993,supt3h,cdc5l,plcb1,LOC140351603,crls1,mcm8	-0.461828920243092	0.6	145	3.50292622822017	FALSE
8	22	SCAF_8	19432987	20194536	19813761.5	0.702320372234938	0.000636308746729525	cdh11,ncapd3,cep68,tlx1,LOC140350925,LOC140350926,LOC140351385,nfkb2,mmrn2a,LOC140351516,pomt1,piezo1,LOC140350798,cdt1,nvl,fbxo28,LOC140351601,zswim8,LOC140351118,chchd1,LOC140351336,galm,LOC140351329,fbxw4,cyp17a1,nt5c2a	0.317697011257391	0.7	270	3.68590298861305	FALSE
8	23	SCAF_8	20203171	20916108	20559639.5	0.707543816036152	0.000456078308737934	ctu2,cdk1,htra1a,wapla,grid1a,ccser2a	0.369906186762794	0.7	270	3.68590298861305	FALSE
8	24	SCAF_8	20917758	21692744	21305251	0.637312568251862	0.000664142147185581	ccser2a,sparcl2,ndnfl,fam149b1,actn2b,chrm3a,fmn2a,rgs7a,LOC140351324,LOC140351326,LOC140351322,ubac2,dachc,dis3,klf5a,pgbd5	-0.294694818811872	0.6	145	3.50292622822017	FALSE
8	25	SCAF_8	21704179	22170615	21937397	0.588671585828501	0.000508911788059811	LOC140351520,gpr26,nkx1.2la,LOC140350782,zranb1b,ctbp2a,LOC140351524,dhx32b,adam12b	-0.7578443816451	0.55	91	3.36155570775314	FALSE
8	26	SCAF_8	22171555	23211244	22691399.5	0.71891524993524	0.000444621195651459	adam12b,insyn2ab,mgmt,ebf3b,LOC140351526,sorcs3b,LOC140351477	0.478208042537308	0.7	270	3.68590298861305	FALSE
8	27	SCAF_8	23211334	23991992	23601663	0.750961851617164	0.000398737891628248	LOC140350784,slka,col17a1b,sfr1,cfap43,itprip,sgms1a,LOC140351628,LOC140351528	0.784509611852679	0.75	143	3.49876676547149	FALSE
8	28	SCAF_8	24005654	24906357	24456005.5	0.743911186731145	0.0004585788914407	LOC140351528,pcsk2,lrmda,kcnma1a	0.715398015663435	0.7	270	3.68590298861305	FALSE
8	29	SCAF_8	24916394	25931876	25424135	0.691878342083114	0.000689017907147785	kcnma1a,dlg5a,LOC140350988,zcchc24,zmiz1a,rps24,tysnd1,spock2,sgpl1,LOC140351642,ret	0.218760016626252	0.65	223	3.63025993962302	FALSE
8	30	SCAF_8	25932327	26969392	26450859.5	0.728710439817215	0.000580889080686713	ret,sec23ip,inpp5f,bag3,tial1,pkd2l1,mypn,cacul1,sirt1,pdlim1,LOC140351644,pik3ap1,fam204a,rab11fip2,eif3s10,dennd10,prdx3,tm9sf3,LOC140351044	0.567846443416048	0.7	270	3.68590298861305	FALSE
8	31	SCAF_8	26987602	28137243	27562422.5	0.761520806207184	0.000414427325114054	thada,plekhh2,epcam,stpg4,ttc7a,mcfd2,socs5b,LOC140351014,LOC140351026,LOC140351024	0.884474871422104	0.75	143	3.49876676547149	FALSE
8	32	SCAF_8	28140576	28961348	28550962	0.74460265664561	0.000450363456606106	LOC140351024,LOC140350808,pwwp2b,inpp5a,valopa,cfap46	0.722235673560679	0.7	270	3.68590298861305	FALSE
8	33	SCAF_8	28963581	29715481	29339531	0.678089521970789	0.000561430893731688	cfap46,LOC140351366,LOC140351443,adgra1b	0.0895983733604174	0.65	223	3.63025993962302	FALSE
8	34	SCAF_8	29719763	30420928	30070345.5	0.668004665449372	0.000561448377584615	adgra1b,kndc1,dntt,blnk,ccnj,btaf1	-0.00577808891912348	0.65	223	3.63025993962302	FALSE
8	35	SCAF_8	30421742	31122227	30771984.5	0.780440737032096	0.000360117693215441	btaf1,cpeb3,marchf5,fignl1,ikzf1,vwc2,LOC140351391,mocos	1.06722603082024	0.75	143	3.49876676547149	FALSE
8	36	SCAF_8	31127884	32405784	31766834	0.722418801282676	0.000492196683790484	b3gat2,LOC140351566,slc1a4,papolg,haao,LOC140350813,hcar1-3,LOC140350814,LOC140350815,LOC140351354,sanbr,LOC140350817,xpo1b,LOC140351152,LOC140351552,LOC140351355,LOC140351349,LOC140350818	0.510420692644336	0.7	270	3.68590298861305	FALSE
8	37	SCAF_8	32408443	33133878	32771160.5	0.625863199013409	0.000777695579429697	LOC140350818,LOC140350820,LOC140350821,fancl,LOC140350876	-0.400471911435621	0.6	145	3.50292622822017	FALSE
8	38	SCAF_8	33140998	34416707	33778852.5	0.543034468603139	0.000702416408121744	LOC140351129,LOC140351120,asrgl1,fam98a,LOC140351122,LOC140351121,rasgrp3,exo1,yipf4,cenpe,ppil4,birc6	-1.18025232863591	0.5	38	3.08510909216493	FALSE
8	39	SCAF_8	34417106	37646125	36031615.5	0.585347860673393	0.000775012195596291	birc6,eno4,shtn1,atp6v1ba,hspa12a,gbf1,prkg2l,LOC140350832,LOC140350833,dnph1,LOC140351159,LOC140350834,tjap1,znf318,ppp2r5d,LOC140350835,LOC140350916,dlk2,LOC140351444,prph2b,yipf3,LOC140350836	-0.780080337237607	0.55	91	3.36155570775314	FALSE
8	40	SCAF_8	37646737	39263655	38455196	0.594472183050524	0.00075014760825935	gfra1a,LOC140350954	-0.695359768143715	0.55	91	3.36155570775314	FALSE
8	41	SCAF_8	39299887	40459555	39879721	0.694267146581841	0.000538550016886524	LOC140350954,LOC140350845,lhb,LOC140351231,arfgef3,kif20ba,nrg3a	0.242845172535105	0.65	223	3.63025993962302	FALSE
8	42	SCAF_8	40459637	40817533	40638585	0.595399605406157	0.000683873731914374	nrg3a	-0.688672038721682	0.55	91	3.36155570775314	FALSE
9	0	SCAF_9	215527	2580017	1397772	0.653906705363444	0.000584234590011311	uchl5,LOC140353840,tut4,atpaf1,LOC140354282,LOC140354283,orc1,prpf38a,LOC140354244,LOC140353892	-0.138966417066795	0.65	223	3.63025993962302	FALSE
9	1	SCAF_9	2580648	3237361	2909004.5	0.615234545340498	0.000738906317883116	LOC140353892	-0.500886104743625	0.6	145	3.50292622822017	FALSE
9	2	SCAF_9	3237530	4188756	3713143	0.721911508330866	0.000560982011025069	LOC140353875,LOC140354247,LOC140354249	0.504050305690059	0.7	270	3.68590298861305	FALSE
9	3	SCAF_9	4189009	5351204	4770106.5	0.750369052493753	0.000448262015291206	rgs8,rgs4,rgs5a,s100p,LOC140353432,nlgn1	0.777117437287453	0.75	143	3.49876676547149	FALSE
9	4	SCAF_9	5352447	6336998	5844722.5	0.732969222062355	0.000500334026014118	nlgn1,LOC140354311,ect2,mcf2l2	0.610287133852013	0.7	270	3.68590298861305	FALSE
9	5	SCAF_9	6389316	7486183	6937749.5	0.653843133364095	0.000786055896663064	b4galt6,LOC140354313,LOC140354314,LOC140353416,LOC140353674,LOC140354319,ddx10,aldh9a1a.1,uck2a,aatf,cpt2,LOC140354137	-0.138326640683054	0.65	223	3.63025993962302	FALSE
9	6	SCAF_9	7498709	8519197	8008953	0.715970770706936	0.000565314075709352	LOC140354137,LOC140354326,LOC140353916,LOC140353915,gng12b,LOC140354463,scinla,dipk1ab,LOC140353639,evi5b,LOC140354097,btbd8,ephx4,tgfbr3	0.447778532914664	0.7	270	3.68590298861305	FALSE
9	7	SCAF_9	8541678	9215940	8878809	0.711600143366487	0.00067323508426366	lrrc8c,LOC140354021,LOC140353700,LOC140354139,farp2,hdlbpa,LOC140353911,hs2st1b	0.40450404637349	0.7	270	3.68590298861305	FALSE
9	8	SCAF_9	9221488	9889375	9555431.5	0.66394538742169	0.000851589709846464	lmo4b,tmem131,dpt,lpp,zbtb11,tp63,tprg1	-0.0436060688760851	0.65	223	3.63025993962302	FALSE
9	9	SCAF_9	9892255	10391705	10141980	0.647075033025638	0.000635241918353448	dpt,lpp,smx5,inpp5d,gpr17,myo7ba,sap130a,cep63,rab6ba,slco2a1,ryk	-0.203048740502907	0.6	145	3.50292622822017	FALSE
9	10	SCAF_9	10393651	11597839	10995745	0.589222280071393	0.000847831030350953	ryk,sned1,crocc2,klhl30,espnla,scly,kif1aa,LOC140353754,abca7,LOC140354444,LOC140354342,nasp,map1sa,dbt,LOC140354195,LOC140353794,LOC140353807,arhgap39	-0.741418050835463	0.55	91	3.36155570775314	FALSE
9	11	SCAF_9	11597980	12192037	11895008.5	0.499441211613084	0.000250943624498446	arhgap39,lrrc41,commd2,rfc2,ddx27,pltp,trappc8,rpl36,ctns,pde6d,slc5a9,LOC140353801,lrrc40,sass6,nfic,LOC140354198,lonp1,dnah10,scp2b,uhmk1,podn,cunh19orf44,akr1a1b,szt2	-1.62263871884057	0.45	31	3.01821727293924	FALSE
9	12	SCAF_9	12192181	13382372	12787276.5	0.537896520365532	0.000355219774758898	szt2,hyi,LOC140354346,LOC140353713,ctdspl3,arid3a,r3hdm4,zbtb37	-1.2478231318227	0.5	38	3.08510909216493	FALSE
9	13	SCAF_9	13382471	13451780	13417125.5	0.429928757282004	0.000290057257369304	zbtb37,serpinc1	-2.28526049723182	0.4	12	2.69175538018399	FALSE
9	14	SCAF_9	13457623	15087975	14272799	0.496455155189317	0.000515752837429602	serpinc1,stil,LOC140354017,LOC140354394,fam174c,ntmt2	-1.63152574347168	0.45	31	3.01821727293924	FALSE
9	15	SCAF_9	15089019	15185852	15137435.5	0.128105274663256	0.000396467450261814	gorab,LOC140354174,LOC140354316	-5.14995386273744	0.1	1	1.66023432608534	FALSE
9	16	SCAF_9	15185854	15509247	15347550.5	0.203013929610574	0.000241524822924469	LOC140354354,rab3b,patj,tm2d1,nfia	-4.46776115087247	0.2	2	1.98397151852355	FALSE
9	17	SCAF_9	15511407	15825003	15668205	0.439819905409011	0.000861620588954171	frem1b,LOC140353976,thop1,nwd1,LOC140353391,LOC140353387,LOC140353388,LOC140353390,LOC140353383,LOC140353381,LOC140353380,LOC140353382,LOC140354255,LOC140353394,LOC140353385,LOC140354257,LOC140353402	-2.13533476697375	0.4	12	2.69175538018399	FALSE
9	18	SCAF_9	15828309	16273818	16051063.5	0.580914351960383	0.000582633168117891	LOC140353380,LOC140353382,LOC140353385,LOC140353389,LOC140354258,LOC140354260,sgta,LOC140353379,LOC140353401,LOC140354356,LOC140354357,LOC140354358,LOC140354359,LOC140354360,LOC140353399,LOC140354363,LOC140354364,LOC140354365,cunh19orf25,apc2,LOC140353931	-0.828640210556885	0.55	91	3.36155570775314	FALSE
9	19	SCAF_9	16274152	16824898	16549525	0.385240503228254	0.000152693748670443	rtca,cdc14ab,vcam1b,slc30a7,dph5,kank3,LOC140353613,ifi30b,LOC140353611	-2.73036387238951	0.35	8	2.54368881914556	FALSE
9	20	SCAF_9	16825163	17256551	17040857	0.490165135641403	0.000670436746373398	LOC140353611,LOC140354369,mpv17l2,rab3ab,LOC140353811,LOC140353453,LOC140353351,LOC140353917,ddx49,LOC140353629,LOC140353630,arrdc2,ifi44g	-1.6795091625847	0.45	31	3.01821727293924	FALSE
9	21	SCAF_9	17260973	17605783	17433378	0.492983775787514	0.00111301865048384	LOC140353628,LOC140353630,LOC140353624,rabgap1l,gpr52,fam163ab,tdrd5,nphs2,LOC140354261,axdnd1	-1.62150258063297	0.45	31	3.01821727293924	FALSE
9	22	SCAF_9	17607521	18012184	17809852.5	0.5849936169646	0.000731397780878945	crb1,dennd1b,lhx9,nek7	-0.784902696235119	0.55	91	3.36155570775314	FALSE
9	23	SCAF_9	18015895	18369468	18192681.5	0.494443671702292	0.000917511273873657	nek7,ptprc,hps3,LOC140353461,LOC140353462	-1.62159251134879	0.45	31	3.01821727293924	FALSE
9	24	SCAF_9	18370671	18692449	18531560	0.536941717849349	0.000560337404107873	LOC140353464,fxr1	-1.24535299769303	0.5	38	3.08510909216493	FALSE
9	25	SCAF_9	18693020	19079929	18886474.5	0.626410645838863	0.000521000345502725	sox2,atp11b	-0.399872811740609	0.6	145	3.50292622822017	FALSE
9	26	SCAF_9	19080001	19851234	19465617.5	0.501478359433889	0.000673115077670113	atp11b,LOC140353899,zmat3,LOC140353936,henmt1,fam102bb,LOC140353827,LOC140353828,tm4sf4,LOC140353466,tm4sf18,cp,LOC140354390	-1.57284677596633	0.5	38	3.08510909216493	FALSE
9	27	SCAF_9	19851905	20644209	20248057	0.554143803051649	0.000920923074754408	LOC140354390,LOC140353467,aspm,LOC140353468,meltf,LOC140353570,lrrc7,tmem38a,comp,crtc1b	-1.06560903531745	0.55	91	3.36155570775314	FALSE
9	28	SCAF_9	20656074	21515017	21085545.5	0.769904449901094	0.000355854104711006	fndc7b,stxbp3,ankmy1,LOC140353693,gtpbp3,ushbp1,LOC140353934,csnk1g2b,rexo1,mknk2b,adamts10,myo1f,acer1,mllt1a,LOC140354142	0.966858551746577	0.75	143	3.49876676547149	FALSE
9	29	SCAF_9	21515302	22201708	21858505	0.752853190938566	0.00044488033960542	LOC140354163,LOC140353426,rfx2,fcho1,prg4b,tprb,ptgs2b,pla2g4ab,arpc5b,hmcn1,anos1b	0.800853089221474	0.75	143	3.49876676547149	FALSE
9	30	SCAF_9	22207230	23111597	22659413.5	0.663702209698065	0.000641216595594925	anos1b,pde4ba,sgip1a,LOC140354169,pars2,LOC140353346,ttc22,lurap1,lepr,dnajc6,ak4,jak1,raver2	-0.0463031937534411	0.65	223	3.63025993962302	FALSE
9	31	SCAF_9	23114582	23748195	23431388.5	0.711108447290273	0.000613523525167682	raver2,cachd1,ror1,alg6,foxd3,atg4c,dock7,angptl3,usp1	0.400938418938693	0.7	270	3.68590298861305	FALSE
9	32	SCAF_9	23763545	24826287	24294916	0.761893018142666	0.000411867687657053	kank4,lrp8,ap1m3,tie1,ddah1,LOC140353571,syde2	0.888121423074579	0.75	143	3.49876676547149	FALSE
9	33	SCAF_9	24826625	25728139	25277382	0.755922777292775	0.000473101538369696	dnai3,LOC140353585,LOC140354166,LOC140353860,gpc1a,gpc5b,grin3bb,LOC140354388,LOC140354449,LOC140353855,tns3.2,LOC140353859	0.828979295486902	0.75	143	3.49876676547149	FALSE
9	34	SCAF_9	25728684	36517352	31123018	0.751052699107771	0.000569229400412281	LOC140353862,LOC140354056,LOC140354464,exoc2,psmg4,foxf2b,gmds,mylk4b,pycr3,depdc1a,LOC140353420,fnbp1l,bcar3,dab1a	0.779368161275183	0.75	143	3.49876676547149	FALSE
9	35	SCAF_9	36537789	37501138	37019463.5	0.724862775649436	0.000510676860314907	dab1a,LOC140354200,plpp3,usp24,pcsk9,LOC140353566,LOC140354032,LOC140353558,impact,LOC140353569,LOC140353706,LOC140353727,cep135,kdr,kita,pdgfra,LOC140353517	0.533163025145582	0.7	270	3.68590298861305	FALSE
9	36	SCAF_9	37502811	38657173	38079992	0.719412943052064	0.000695655143036049	LOC140353517,lnx1,scfd2,usp46,fryl,zar1,slc10a4,slain2,palld,sh3rf1,nek1,cpeb2,ndnf,prdm5	0.477552236349008	0.7	270	3.68590298861305	FALSE
9	37	SCAF_9	38657944	40029426	39343685	0.70586201188136	0.000584385646322108	palld,prdm5,LOC140353523,LOC140353983,nhsa,LOC140353352,shroom2a,wwc3,chd1l,lnp1,tomm70a,tbc1d23,gtpbp6,jade3,cyfip1,herc2	0.351892712406236	0.7	270	3.68590298861305	FALSE
10	0	SCAF_10	335061	1679176	1007118.5	0.689983693357494	0.000973548009172956	sptbn4b,mark4b,klc3,zc3h4,sae1,LOC140372195,pak4,LOC140372227,eif3k,LOC140373017,actn4	0.198461625948951	0.65	223	3.63025993962302	FALSE
10	1	SCAF_10	1679500	3191995	2435747.5	0.711461672001473	0.000568420776363402	LOC140373136,ccdc9,LOC140373178,rrp8,LOC140373210,LOC140372273	0.405085354045238	0.7	270	3.68590298861305	FALSE
10	2	SCAF_10	3192089	4547549	3869819	0.686000368575927	0.000763863909985086	kcnk6,LOC140373268,prx,polr1g,nova2,gpr4,ompa,rsf1a,srsf7a,LOC140373481,clip3	0.16294583334457	0.65	223	3.63025993962302	FALSE
10	3	SCAF_10	4560146	5923897	5242021.5	0.629428240677873	0.000714983195308795	LOC140373514,LOC140373555,LOC140373539,cep295,med17,vstm5,ints4,LOC140373588,gbe1b,cadm2b	-0.368091483859037	0.6	145	3.50292622822017	FALSE
10	4	SCAF_10	5926045	7233359	6579702	0.733321981174549	0.000563282428715835	cadm2b,usp16,LOC140373640,LOC140373698,LOC140373684,LOC140373668,urb1,LOC140372353,LOC140373707,LOC140373733	0.611902865179294	0.7	270	3.68590298861305	FALSE
10	5	SCAF_10	7235766	8233931	7734848.5	0.768203726914869	0.000392105674937999	LOC140371857,apbb1,LOC140370436,robo1	0.949058045184531	0.75	143	3.49876676547149	FALSE
10	6	SCAF_10	8239638	9235883	8737760.5	0.653404230131668	0.000533597378000606	robo1,ano7,robo2	-0.144039574948678	0.65	223	3.63025993962302	FALSE
10	7	SCAF_10	9236213	11759170	10497691.5	0.672962828439365	0.00109814004306282	stoml3a,foxo1a,cog6,LOC140373919,rcbtb2,fndc3a,sgcg,sacs,LOC140374028,LOC140374038,brwd1,get1,sh3bgr,dscamb	0.0401605648081797	0.65	223	3.63025993962302	FALSE
10	8	SCAF_10	11765433	12680205	12222819	0.787562371167962	0.000345302746465977	dscamb,get1,bace2,atm,npat,vmp1,rps6kb1b,kcnab1a,ssr3,tiparp,lekr1,veph1,ptx3a,golim4a,serpini1,pdcd10a	1.13595949537071	0.75	143	3.49876676547149	FALSE
10	9	SCAF_10	12684733	13275805	12980269	0.662551038751094	0.000632548875376788	LOC140374446,LOC140372472,zbbx,LOC140372492	-0.0571736414110043	0.65	223	3.63025993962302	FALSE
10	10	SCAF_10	13277782	14253864	13765823	0.722887093604384	0.000516143396629136	si,slitrk3a,LOC140374463,spaca6	0.514309374290386	0.7	270	3.68590298861305	FALSE
10	11	SCAF_10	14256460	15291865	14774162.5	0.768357967566034	0.000257220424987295	LOC140370584,LOC140374471,mecom,egfem1,LOC140374556,LOC140372575,LOC140374576,agfg1a,slc19a3a,LOC140372623,chrna10a,stim1a,LOC140374761,LOC140374783,sphkap,pid1,dner,trip12	0.956403944577372	0.75	143	3.49876676547149	FALSE
10	12	SCAF_10	15295650	16131403	15713526.5	0.63398994830269	0.000738050714325258	trip12,zbtb38,baz1b,hip1,LOC140375118,gdpd1,porb,mmp28,fam124b,cul3b,pde2a,LOC140375260,clpb,inppl1a,numa1,nox4,grm5b,ctsc,rab38a,dync2h1	-0.324912382358678	0.6	145	3.50292622822017	FALSE
10	13	SCAF_10	16132016	16912332	16522174	0.693318973880715	0.000514199578351602	dync2h1,pdgfd,sln,gria4a,msantd4,cwf19l2,LOC140375693,fam168a,LOC140375787,LOC140375803,relt,p2ry2.1,LOC140375861	0.234124358377462	0.65	223	3.63025993962302	FALSE
10	14	SCAF_10	16912899	18259475	17586187	0.698857874490948	0.000510058976165656	LOC140375861,LOC140375926,LOC140370727,sst1.1,col4a3,LOC140376014,LOC140376030,LOC140372724,LOC140376046	0.286672239056239	0.65	223	3.63025993962302	FALSE
10	15	SCAF_10	18262589	18979632	18621110.5	0.667547870617059	0.000655226001470035	LOC140369261,LOC140376120,LOC140369270,mrps22,pik3cb,LOC140376136,cab39,LOC140370793,prss16,meis3,rinl,shkbp1	-0.0100560889512532	0.65	223	3.63025993962302	FALSE
10	16	SCAF_10	18985304	20567704	19776504	0.73167068248924	0.000530882819634423	ltbp4,LOC140371911,ilkap,LOC140376289,LOC140376305,iws1,plekhg2,il15l,rnaset2l,LOC140376519,rnf168,ppp1r14ab,LOC140376796,atg16l1,parlb,LOC140376939,LOC140376685,LOC140369359,LOC140376388,LOC140376957,masp1,dvl3b,rnpepl1,rpl35a,lrch3,abcf3,LOC140376660,LOC140377009,eif4h,LOC140376717,LOC140377079,LOC140376749,LOC140376870,LOC140369397,LOC140369448,abcg1,spcs2,lipt2,LOC140377120,tunar,trappc6bl	0.59715290277325	0.7	270	3.68590298861305	FALSE
10	17	SCAF_10	20567737	21049021	20808379	0.750788747168385	0.000555924249568777	LOC140377149	0.777335080155914	0.75	143	3.49876676547149	FALSE
10	18	SCAF_10	21050937	21549588	21300262.5	0.666985127565156	0.000725735450497135	bcap29,vps53,LOC140369481,LOC140369491,abhd15a,trarg1a,gosr1,cpda,cryba1a,unc119a1,foxn1,LOC140377260	-0.0153081927717536	0.65	223	3.63025993962302	FALSE
10	19	SCAF_10	21558335	22342446	21950390.5	0.634586668657092	0.000566748921032002	rilp,prpf8,aifm4,tlcd2,ccdc92ba,cluha,mettl16,septin4b,limk1a,LOC140377457,chchd2,LOC140370903,LOC140377464,ube4a,kmt2a,mcamb,cbl,grik4,arhgef12a,drd2a	-0.321748761286954	0.6	145	3.50292622822017	FALSE
10	20	SCAF_10	22348948	23006988	22677968	0.655780492253551	0.000499042072308307	drd2a,ankk1,LOC140370961,LOC140377673,laynb,sik2b,ppp2r1bb,mlf1,rsrc1,shox2,dock10,fxyd6,LOC140377798,LOC140371033,gpr184,strn4,fkrp	-0.121727027758045	0.65	223	3.63025993962302	FALSE
10	21	SCAF_10	23037052	23820991	23429021.5	0.696270183093255	0.000454079372295317	tmem160,npas1,arhgap35a,ppm1na,ptgir,bmp16,ppp1r37,LOC140371066,LOC140371075,tbcb,sipa1l3,map3k10,ttc9b,cunh19orf47,znf296,LOC140378169,snrpa,gfm1,lxn,col26a1,LOC140378277,cux1b,dnajc30b,stx1a,LOC140369581,rabgef1l,LOC140371092,otol1b,kpna4,LOC140378590,il12a	0.262804796846375	0.65	223	3.63025993962302	FALSE
10	22	SCAF_10	23822078	24447906	24134992	0.722086055000554	0.000752326079742379	il12a,schip1,LOC140369629,igsf10,aadac,LOC140378779,p2ry1,LOC140378928,dhx36,LOC140378960,LOC140378976,LOC140379002,LOC140371150,LOC140371182	0.50142834126413	0.7	270	3.68590298861305	FALSE
10	23	SCAF_10	24461076	25047407	24754241.5	0.699606631954105	0.000584586562186445	olfcu1,LOC140371277,LOC140369743,LOC140369759,LOC140369775,LOC140371292,LOC140379298,LOC140379189,LOC140379078,map6b,thap12b,dyrk1ab,LOC140379272,LOC140369824,LOC140379474,LOC140371323,LOC140379500,esamb,LOC140379558,jam3a,igsf9ba,cadm1b	0.29279112888105	0.65	223	3.63025993962302	FALSE
10	24	SCAF_10	25047408	25580948	25314178	0.570582680072999	0.000800820308897678	cadm1b,ncam1b,LOC140379592,LOC140379607,lrfn1,socs9,taok1a,tsr1	-0.917367137238209	0.55	91	3.36155570775314	FALSE
10	25	SCAF_10	25591403	26139994	25865698.5	0.70590011170768	0.000512898064307832	dph1,rtn4rl1b,rpa1,serpinf2b,wdr81,slc47a3,pitpnm3,kiaa0753,nxn,LOC140371378,srsf1a,hnf1ba	0.353381922247907	0.7	270	3.68590298861305	FALSE
10	26	SCAF_10	26145893	26747690	26446791.5	0.537722768933806	0.000905452283197036	traf4a,nek8,tlcd1,eml2,rhbdd1,caln1,LOC140366038,LOC140366031,LOC140366058,ppp5c,tgfb1a,cyp2y3,axl,ryr1b,rasgrp4,ppp1r13l,tmem91,napab,nup88,spred3,st14a,aplp2	-1.21928871323715	0.5	38	3.08510909216493	FALSE
10	27	SCAF_10	26753442	27571548	27162495	0.571387923349358	0.000669353376837528	aplp2,prdm10,LOC140369872,cdon,LOC140366743,ddx6,bcl9l,treh,nectin1b,ttc36,cntn5,arhgap42b	-0.915114622205983	0.55	91	3.36155570775314	FALSE
10	28	SCAF_10	27572945	28459371	28016158	0.625115154242545	0.000709990953204761	arhgap42b,LOC140366862,yap1,maml2,tenm4,LOC140366943,vaspb,lbhl,dact3b,gramd1bb,clmpb,rbm7	-0.408694804733191	0.6	145	3.50292622822017	FALSE
10	29	SCAF_10	28465758	29271037	28868397.5	0.663367763744234	0.00075786011172099	kirrel3b,ets1,fli1,kcnj5,LOC140367364	-0.0492007778031306	0.65	223	3.63025993962302	FALSE
10	30	SCAF_10	29271317	29998203	29634760	0.688177983815927	0.000543011122279359	LOC140369915,LOC140367398,mmp20a,mmp20b,tsku,gucy2f,serpinh1b,gdpd5b,hspa13,samsn1a,LOC140367498,LOC140367543,dhx40,ccnp,LOC140367534,LOC140367526,sorl1	0.185161527450648	0.65	223	3.63025993962302	FALSE
10	31	SCAF_10	30007113	30936557	30471835	0.76435106113024	0.000428215302965648	LOC140367656,LOC140367664,zbtb44,linc.pou2af1,LOC140371556,LOC140367782,phldb1b,LOC140367806,ubash3bb,LOC140370025,LOC140367864,bace1,tekt1,pcsk7,dpf1,LOC140367903,gemin4,usp2a,tbcela,LOC140371958,LOC140367976,sidt2,sik3,LOC140368061	0.910850484251232	0.75	143	3.49876676547149	FALSE
10	32	SCAF_10	30939054	31650854	31294954	0.75766373080065	0.000385711934854438	LOC140368061,mpzl3,gap43,lsamp	0.848860122108723	0.75	143	3.49876676547149	FALSE
10	33	SCAF_10	31658393	32628422	32143407.5	0.762646721156863	0.000431965289743546	igsf11,git1,ankrd13b,ssh2a,slc6a4a,blmh,LOC140368159	0.894483170231088	0.75	143	3.49876676547149	FALSE
10	34	SCAF_10	32632540	33766389	33199464.5	0.793152091335952	0.000320096812503725	LOC140368159,LOC140368244,psmd2,prss59,serpine2,ngef,LOC140368441,fat3a,mtnr1ba,LOC140368387,efhd1,nlrx1,LOC140372023,cbln18,ftr86	1.19071163384417	0.75	143	3.49876676547149	FALSE
10	35	SCAF_10	33766925	34650897	34208911	0.747172387053706	0.000394131340843139	ftr86,mfrp,LOC140368549,LOC140368654,LOC140368645,smtnl,vma12,poldip2,lrrc75a,crk,LOC140368631,LOC140368664,LOC140368614,ecel1	0.748564020954734	0.7	270	3.68590298861305	FALSE
10	36	SCAF_10	34706987	35466816	35086901.5	0.748345579420318	0.000380363866577185	LOC140368701,chrd,clcn2c,fam131ab,alp3,nop53,gjd1b	0.760218644450755	0.7	270	3.68590298861305	FALSE
10	37	SCAF_10	35466843	36289766	35878304.5	0.714175372401487	0.000688085484237258	LOC140368822,LOC140368823,rnf8,numbl,coq8b,fbxo46,slc5a2,tpst1,LOC140368915,LOC140368925,ulk2,LOC140370130,usp32,appbp2,LOC140368954,brip1,tbx4,bcas3	0.428456494363614	0.7	270	3.68590298861305	FALSE
10	38	SCAF_10	36290086	37135516	36712801	0.805032826556971	0.000354235425194079	bcas3,tbx2b	1.30227462035071	0.8	28	2.98439383856425	FALSE
10	39	SCAF_10	37177784	38377662	37777723	0.656587538741267	0.000704226479901292	pipox,myo18ab,LOC140369104,cuedc1b,nf1a,LOC140372064,LOC140370158,LOC140370180,LOC140370235,LOC140370252,LOC140370261,LOC140370287	-0.113034816730749	0.65	223	3.63025993962302	FALSE
11	0	SCAF_11	3952	259365	131658.5	0.0700000960870385	6.43383847624119e-05	LOC140348613,LOC140348598,cops6,mcm7,LOC140348592,gpc2,LOC140348630,LOC140348329	-5.79155653836297	0.05	2	1.98397151852355	FALSE
11	1	SCAF_11	259448	371279	315363.5	0.0821109449158261	4.79739498985834e-05	""	-5.6787360079654	0.05	2	1.98397151852355	FALSE
11	2	SCAF_11	371296	487542	429419	0.323619125102478	0.000508397859177367	LOC140348353,pdgfc	-3.27053395631836	0.3	3	2.15785653159225	FALSE
11	3	SCAF_11	487921	1271670	879795.5	0.633299372344333	0.000587064242454232	pdgfc,glrbb,gria2b,gask1b	-0.333617517774987	0.6	145	3.50292622822017	FALSE
11	4	SCAF_11	1295326	2006787	1651056.5	0.701322216441702	0.00054938838608228	rxfp1,rapgef2b,fstl5	0.309485850741424	0.7	270	3.68590298861305	FALSE
11	5	SCAF_11	2019996	3274427	2647211.5	0.693705772249459	0.000436547726457188	fstl5,qdpra,ldb2a,tapt1a,prom1a,phox2bb,limch1b,LOC140346660	0.238623850599732	0.65	223	3.63025993962302	FALSE
11	6	SCAF_11	3280280	4175328	3727804	0.685152741835225	0.000477327605263796	pcgf1,fgf24,npm1b,fgf2,nudt6,afg2a	0.15698961357357	0.65	223	3.63025993962302	FALSE
11	7	SCAF_11	4175665	5184385	4680025	0.585171712517378	0.000609725323562374	ankrd50,fat4,aga,elovl6,LOC140348922	-0.787463092043403	0.55	91	3.36155570775314	FALSE
11	8	SCAF_11	5186658	5980269	5583463.5	0.520443938455562	0.000485963853778227	LOC140348922,elovl6,gpm6aa,egf,fam13b,LOC140347613	-1.40607159324993	0.5	38	3.08510909216493	FALSE
11	9	SCAF_11	5987357	6598532	6292944.5	0.574631453614731	0.000989502026054535	lingo2	-0.872303024465221	0.55	91	3.36155570775314	FALSE
11	10	SCAF_11	6612906	7242546	6927726	0.617037920467523	0.00047733442060768	lingo2	-0.489635650511347	0.6	145	3.50292622822017	FALSE
11	11	SCAF_11	7244280	8900311	8072295.5	0.631170082932609	0.000662073684191637	LOC140349099,pitx2,LOC140346729,LOC140346749,setd7,rab33ba,rell2,hspa9,rnf103,atoh8,LOC140348501,immt,tmem129,slbp,abhd18,igbp1	-0.352554030262237	0.6	145	3.50292622822017	FALSE
11	12	SCAF_11	8903397	9825648	9364522.5	0.535316624575241	0.000755825174800984	magt1,fbxo38,csnk1a1,LOC140349394,LOC140349225,enpp6	-1.24984251586982	0.5	38	3.08510909216493	FALSE
11	13	SCAF_11	9831217	10348676	10089946.5	0.627704070214153	0.000886350785152715	pcdh18b	-0.381414163648384	0.6	145	3.50292622822017	FALSE
11	14	SCAF_11	10349435	12394253	11371844	0.564906111535734	0.00107245223886472	slc7a11,mgarpa,hopx,sec24b,LOC140349503,LOC140349495,slc49a3,LOC140349551	-0.959146869078838	0.55	91	3.36155570775314	FALSE
11	15	SCAF_11	12394254	12891264	12642759	0.445752567645113	0.000336818959973642	""	-2.12919998830897	0.4	12	2.69175538018399	FALSE
11	16	SCAF_11	12893599	13264443	13079021	0.448288967121847	0.000570617069160436	""	-2.08286063711021	0.4	12	2.69175538018399	FALSE
11	17	SCAF_11	13264797	13805516	13535156.5	0.616613704370966	0.000687248808573111	slitrk2	-0.489058588658638	0.6	145	3.50292622822017	FALSE
11	18	SCAF_11	13806376	14751963	14279169.5	0.482763075372123	0.00111287230096099	LOC140347633,LOC140346891,bod1l1,LOC140345414,rab28	-1.71587482438529	0.45	31	3.01821727293924	FALSE
11	19	SCAF_11	14760329	15500509	15130419	0.674185861982788	0.000575937782526615	LOC140345430,gsr,grxcr1a,atp8a1,LOC140349796,rab11fip5b,sfxn5b,smyd5,gfra4b,LOC140349897,LOC140349923	0.052645777126546	0.65	223	3.63025993962302	FALSE
11	20	SCAF_11	15500839	16615867	16058353	0.654557266843212	0.000515805450383638	LOC140349923,LOC140349950,LOC140349976,med12,glra4a,diaph2	-0.133227565750272	0.65	223	3.63025993962302	FALSE
11	21	SCAF_11	16627939	17120499	16874219	0.585195969359917	0.000693655078019747	pcdh19	-0.784308446581249	0.55	91	3.36155570775314	FALSE
11	22	SCAF_11	17136715	17842098	17489406.5	0.624367387757715	0.000608639038038893	tnmd,elf1,sil1,nkx1.2lb,LOC140345478,LOC140350735,gfra3,dnd1,hars,LOC140350750,ugl,srp72,LOC140346943,slit3	-0.417592350888046	0.6	145	3.50292622822017	FALSE
11	23	SCAF_11	17842100	18820815	18331457.5	0.639764586427911	0.000524166519572313	slit3,fgfrl1a,spon2b,LOC140350879,xpnpep2,sash3,zdhhc9,trmt12,sytl4,bcorl1,cstf2,cenpi,drp2,LOC140345494,map7d3,tmtops3a,arhgef6,arr3b,zic6	-0.273311517418825	0.6	145	3.50292622822017	FALSE
11	24	SCAF_11	18851063	19671614	19261338.5	0.489165988272504	0.000398177076927558	arr3b,fgf13a,mcf2a,atp11c,rab41,dlg3,pdzd11,kdrl,chic1,lnx2b,LOC140351470,mrpl11,tmem265,npas4a,efemp2a,ccdc85b,sesn4,vegfba,stx5a,LOC140351689,LOC140351712,atg2a,nxf1a,macrod1,flrt1b	-1.70965393081016	0.45	31	3.01821727293924	FALSE
11	25	SCAF_11	19676569	20284800	19980684.5	0.655491605766127	0.00057891879680426	ccdc88b,rom1b,scyl1,LOC140347033,ganabb,ints5,LOC140345526,pola2,slc16a2,f8,mid2,tsc22d3	-0.124022078317097	0.65	223	3.63025993962302	FALSE
11	26	SCAF_11	20285194	20454928	20370061	0.587249264068054	0.000687530097470549	""	-0.765210629356137	0.55	91	3.36155570775314	FALSE
11	27	SCAF_11	20458589	20804576	20631582.5	0.5347221203783	0.000758529032972614	pcdh11,klhl4,ahnak	-1.25526754219434	0.5	38	3.08510909216493	FALSE
11	28	SCAF_11	20804604	21347957	21076280.5	0.451768045626176	0.000536372410022356	ahnak,eef1g,polr2g,LOC140352478,LOC140352494,LOC140352554,LOC140352570,LOC140352586,ankrd13d,stx3b,rad9a,LOC140352840,clcf1,n4bp3,rmnd5b,LOC140353131,rufy1,ankhd1,cltb,pdlim7,unc5a	-2.0531152193159	0.45	31	3.01821727293924	FALSE
11	29	SCAF_11	21352511	22007042	21679776.5	0.666845847640006	0.000520681138345827	unc5a,dok3,ddx41,flt4,ergic1,neurl1b,mtnr1c,LOC140347672,LOC140353443,gria3b	-0.0167680762735832	0.65	223	3.63025993962302	FALSE
11	30	SCAF_11	22009335	22613901	22311618	0.681456194954414	0.00061987172015262	nlgn3a,cetn2,LOC140353530,pcdh20l,plp1a,fut11,LOC140353568,fhdc2,rhogd,LOC140353677,frmpd3,LOC140345637	0.121122182750552	0.65	223	3.63025993962302	FALSE
11	31	SCAF_11	22619797	23610721	23115259	0.586808145765698	0.000847957460333362	LOC140345653,glod5,nexmifb,abcb7,fgf16,atrx,sh3rf2,LOC140353903,nr3c1,LOC140353913,hspa4b,sowahab,ccng1,nsd1a,ccnjl,LOC140354092,egr1,reep2,kdm3b,ctbp1l,rack1,LOC140354115,LOC140354127,col23a1b,clk4b,LOC140354225,gfpt2,kiaa1191	-0.763958332535737	0.55	91	3.36155570775314	FALSE
11	32	SCAF_11	23663729	24430799	24047264	0.588844871409195	0.000597222538952583	LOC140354275,cnot6a,simc1,slc34a1b,rgs14b,arl3l1,LOC140354367,rbm22,ndst1b,LOC140354434,pdgfrb,LOC140354561,tcirg1b,frmpd1b,ints10,klb,LOC140345718,apbb2a,bicc2,spock1	-0.753218824135641	0.55	91	3.36155570775314	FALSE
11	33	SCAF_11	24438057	24753021	24595539	0.54914344261671	0.000857778813690214	spock1,fbxw11a,fgf18a,LOC140354586,LOC140345734,LOC140345750,LOC140345766,LOC140354587,LOC140345814,LOC140345830,LOC140347688	-1.1152123008403	0.5	38	3.08510909216493	FALSE
11	34	SCAF_11	24796338	24834372	24815355	0.0414553420889259	1.16595760165905e-05	LOC140354588,LOC140347800,LOC140347816,LOC140347848,LOC140347864	-6.08274008659146	0	1	1.66023432608534	FALSE
11	35	SCAF_11	24834466	24964384	24899425	0.194796819619093	0.000554003317286956	LOC140354588,LOC140345878,LOC140345894,LOC140345959,LOC140347880,LOC140347897,LOC140345991,LOC140346023,LOC140346039,LOC140346059	-4.48258060655174	0.15	2	1.98397151852355	FALSE
11	36	SCAF_11	24964441	25298102	25131271.5	0.340035727538962	0.00102225472613248	LOC140346059,LOC140346072,LOC140346085,LOC140346133,LOC140346178,LOC140346191,LOC140346207,LOC140346239,LOC140347993,LOC140354591,LOC140354594,LOC140348009,LOC140348040,LOC140348057,LOC140348185,LOC140354589,LOC140346255,LOC140346271	-3.0453824522232	0.3	3	2.15785653159225	FALSE
11	37	SCAF_11	25303027	25890807	25596917	0.67896061764006	0.000535050333675844	LOC140346271,LOC140347258,trpc7b,dock2-like,insyn2b,hrh2a,tlx3b,LOC140354607,LOC140346287,jakmip1,wfs1b,LOC140354611,mif,LOC140354616,LOC140347286,LOC140354615,cabp2b,cryba1l1,LOC140354619,LOC140354622	0.0979522981148531	0.65	223	3.63025993962302	FALSE
11	38	SCAF_11	25892660	26693856	26293258	0.713097981543549	0.000565075706903461	LOC140354622,tspan17,mchr2b,ctnna1,lrrtm2,sncb,rnf44	0.420618631708139	0.7	270	3.68590298861305	FALSE
11	39	SCAF_11	26713196	27474224	27093710	0.718897578078728	0.000568212199953142	stc2a,atp6v0e1,ppp2r2ba,adam19b,thg1l,lsm11,clint1a,ebf1a,il12ba,sh3tc2,ablim3,afap1l1a,gabrp	0.475392110265722	0.7	270	3.68590298861305	FALSE
11	40	SCAF_11	27477113	28271926	27874519.5	0.757848703435039	0.000330855243853651	gria1a,lonrf4,cyfip2,hmmr	0.85275146902038	0.75	143	3.49876676547149	FALSE
11	41	SCAF_11	28285434	28982427	28633930.5	0.714946418858571	0.000482906483871584	tenm2a,LOC140354668,nxt2,psmd10,stag2b,efnb1	0.439715458668502	0.7	270	3.68590298861305	FALSE
11	42	SCAF_11	28985371	29678628	29331999.5	0.817280427241094	0.00031811658451132	efnb1,LOC140354676,LOC140354677,zc4h2,LOC140347386,arhgef9a	1.42153490678545	0.8	28	2.98439383856425	FALSE
11	43	SCAF_11	29679049	30232615	29955832	0.618124695214459	0.000808595510422685	tenm1,LOC140354681,agtr2,apool,LOC140354684	-0.472320402380818	0.6	145	3.50292622822017	FALSE
11	44	SCAF_11	30257712	30860650	30559181	0.761700857881257	0.000531601435044231	LOC140354684,hdx,rps6kal,LOC140354688,LOC140347399,sh3bgrl,hmgn6,tent5d,gpr174,p2ry10,LOC140354697,polr1d,sybl1,mtus1a,pdgfrl,slc7a2	0.881520504081092	0.75	143	3.49876676547149	FALSE
11	45	SCAF_11	30875584	31544994	31210289	0.721822461209169	0.000517418387606583	zdhhc2,micu3b,her11,mospd1,ints6l,cab39l1,LOC140346404,psd2	0.504191406801672	0.7	270	3.68590298861305	FALSE
11	46	SCAF_11	31547474	31941242	31744358	0.58613567147893	0.000755734330831644	LOC140354717,aup1,LOC140346411,LOC140354756,fer1l4,pdhb,LOC140354742,kctd6a,ccdc71,LOC140354731,stab1	-0.773354371298628	0.55	91	3.36155570775314	FALSE
11	47	SCAF_11	31941248	32199645	32070446.5	0.456901297539069	0.00119543442958041	stab1,nisch,LOC140354724,LOC140354744,LOC140354785,LOC140354766,LOC140354773,LOC140354776,LOC140354762,atp6ap1la,pde12,gmppb	-1.94780070255655	0.45	31	3.01821727293924	FALSE
11	48	SCAF_11	32207550	32553766	32380658	0.480645569331453	0.00117907225761814	LOC140354724,lmcd1,flnba,slmapa,dennd6a	-1.7305489272093	0.45	31	3.01821727293924	FALSE
11	49	SCAF_11	32561973	33165101	32863537	0.611730269440375	0.00087700129452341	dennd6a,LOC140354765,LOC140354727,LOC140346438,appl1,il17rd,arhgef3,LOC140354752,LOC140348276,ccdc66,asb14a,rps23,ccdc51,osgn1,LOC140354781,cenpu,LOC140354751,LOC140354729,irf2b,LOC140354786	-0.530551854645472	0.6	145	3.50292622822017	FALSE
11	50	SCAF_11	33169791	33931408	33550599.5	0.698953904617997	0.000590526476610502	""	0.286548460282672	0.65	223	3.63025993962302	FALSE
11	51	SCAF_11	33931612	34549992	34240802	0.578142599040193	0.00072591402836016	slitrk4,arhgef37	-0.849413738738534	0.55	91	3.36155570775314	FALSE
11	52	SCAF_11	34557698	35064232	34810965	0.759328835168638	0.000294877877923832	ppargc1b,pde6a,LOC140346468,slc26a2,LOC140354796,htr4,LOC140348284	0.868323956505373	0.75	143	3.49876676547149	FALSE
11	53	SCAF_11	35068754	35808250	35438502	0.706793098643617	0.000583096032209987	htr4,lman2,fat2,mtnr1al,slc36a1,LOC140354806,st3gal5,polr1a,ptcd3,LOC140354808,thoc3,LOC140354804	0.360710102803774	0.7	270	3.68590298861305	FALSE
11	54	SCAF_11	35818718	36955922	36387320	0.724340055325266	0.000444375209484298	atox1,cplx2b,cnga2a,snx25,LOC140354815,LOC140346512,LOC140354821	0.529788583362786	0.7	270	3.68590298861305	FALSE
11	55	SCAF_11	37092372	39685493	38388932.5	0.786058707606031	0.000459911788896418	LOC140346519,myot,st3gal8,vipas39,nfs1,LOC140354822,tsen2,LOC140354827,LOC140354828,pcif1,LOC140346530,LOC140354835,mkrn2,nol8,LOC140354839,LOC140354840,LOC140354841,atrip,cept1b,pth4,LOC140354845,pik3c2b,ippk,rbbp5,LOC140354851,LOC140346561	1.11578282135468	0.75	143	3.49876676547149	FALSE
12	0	SCAF_12	197626	1609531	903578.5	0.482477073271349	0.000819922026469864	LOC140355634,LOC140355886,LOC140355887,pold3,LOC140355656,LOC140355892,LOC140355894,LOC140355658,LOC140355659,LOC140355660,LOC140355661,LOC140355912,LOC140355911,LOC140355900,LOC140355910,pitrm1,LOC140355903	-1.74038183638743	0.45	31	3.01821727293924	FALSE
12	1	SCAF_12	1615341	2308966	1962153.5	0.602568807915751	0.000730412772656825	LOC140355903,LOC140355899,lactb2,LOC140355895,LOC140355896,LOC140355669,buc,exoc3,dnajb6a,LOC140355913,rnf31,xkr4,tmem68,tgs1,paxip1,LOC140355672,LOC140355637,cnpy1,atg10,fam110b,LOC140355682,LOC140355608,LOC140355922	-0.619963281399481	0.6	145	3.50292622822017	FALSE
12	2	SCAF_12	2317319	3057698	2687508.5	0.581372847277582	0.000874172771588322	LOC140355682,LOC140355922,LOC140355923,LOC140355924,LOC140355925,LOC140355928,LOC140355693,LOC140355931,blvra,ccr12a,LOC140355943,LOC140355939,kirrel1b	-0.813786117735446	0.55	91	3.36155570775314	FALSE
12	3	SCAF_12	3057821	3457064	3257442.5	0.710128132594737	0.000644461933733009	kirrel1b,atp1a2a,sdhc	0.391150403641808	0.7	270	3.68590298861305	FALSE
12	4	SCAF_12	3457548	4563720	4010634	0.625842155232967	0.000653023362140041	atp1a2a,sdhc,LOC140355610,mpz,lig1,LOC140355701,pip4p1a,LOC140355702	-0.402878712545612	0.6	145	3.50292622822017	FALSE
12	5	SCAF_12	4565315	5002695	4784005	0.564758126657308	0.000716637477896088	kcnj9,jcadb,svilb,LOC140355959,LOC140355758,LOC140355960,LOC140355961,LOC140355762,LOC140355764,LOC140355962,LOC140355765,LOC140355963	-0.975473898259916	0.55	91	3.36155570775314	FALSE
12	6	SCAF_12	5006077	6105103	5555590	0.717932968858816	0.000394384157251938	LOC140355964,LOC140355770,LOC140355970,ltb4r2b,mettl17,parp2,LOC140355776,tep1,apol1,LOC140355976,glis1a,best4,hectd3,LOC140355978,acadm,rabggtb,st6galnac3,st6galnac5a	0.469937460442447	0.7	270	3.68590298861305	FALSE
12	7	SCAF_12	6154310	7023816	6589063	0.78344213382402	0.00035551729073401	pigk,ak5,zzz3,usp33,miga1,fubp1,slc25a24l,dnajb4,gipc2,zfyve9a,cc2d1b,LOC140355999,gnal2,mppe1,piezo2b,LOC140355611	1.09610014610507	0.75	143	3.49876676547149	FALSE
12	8	SCAF_12	7028406	7968515	7498460.5	0.725089682432182	0.000602260918244031	piezo2b,rab12,mtcl1,acss2l,ankrd12,ralbp1,vapal,LOC140356015,LOC140356017,LOC140356019,LOC140356020	0.533124852683093	0.7	270	3.68590298861305	FALSE
12	9	SCAF_12	7976276	8613672	8294974	0.756468359209108	0.000366873989165055	LOC140356020,LOC140356028,LOC140356027,LOC140356023	0.838182834385518	0.75	143	3.49876676547149	FALSE
12	10	SCAF_12	8644078	9522131	9083104.5	0.751097932848692	0.000513876342428397	LOC140356025,LOC140356026,LOC140356033,LOC140356034,LOC140355806,LOC140355807,ndc1	0.781731995000867	0.75	143	3.49876676547149	FALSE
12	11	SCAF_12	9523303	10251517	9887410	0.765047488066722	0.00045972759955762	ndc1,lrrc42,cdcp2,LOC140356045	0.916170694028805	0.75	143	3.49876676547149	FALSE
12	12	SCAF_12	10254083	11263896	10758989.5	0.700001489211914	0.000562913863751426	LOC140356045,ccl25a,LOC140355810,LOC140356042,LOC140356047,LOC140356061,ap1m1,LOC140356052,calr3b,LOC140356057,LOC140356056,LOC140356060,mfsd14a2,insra,arhgef18a,sppl2	0.296808808515124	0.7	270	3.68590298861305	FALSE
12	13	SCAF_12	11337774	12053503	11695638.5	0.708936980058232	0.000520429577678309	prkci,skila,nadkb,LOC140355664,LOC140355667,ralyl,lrrcc1,e2f5,myripa,plxdc2a,LOC140356081,LOC140356082,mrc1b,cacnb2b,tmem236,stam,colec12,yes1	0.382036109273007	0.7	270	3.68590298861305	FALSE
12	14	SCAF_12	12057340	13174582	12615961	0.732512376554535	0.000394686911786471	adcyap1b,emilin2a,lpin2,myom1a,chmp5a,atp6v1h,tcea1,pde1cb,fyco1b,adcyap1r1a,ghrhra	0.608854050260493	0.7	270	3.68590298861305	FALSE
12	15	SCAF_12	13175803	14117869	13646836	0.748690865417952	0.000448135653969518	ghrhra,eef1da,LOC140356101,ftr67,LOC140356104,b4galt2,kiss1ra,ift22,bcl10,gpt,pter,mmp16b,egfra	0.761169565217534	0.7	270	3.68590298861305	FALSE
12	16	SCAF_12	14122506	15332037	14727271.5	0.656277812731494	0.000732791800198351	egfra,npc1,cables1,abhd3,greb1l,dusp12,tpra,LOC140355814,chd7,LOC140355815,rab2a,ca8,tox,cryz,LOC140356150,LOC140356159,LOC140356156,LOC140356157,brinp2,astn1	-0.115799515925225	0.65	223	3.63025993962302	FALSE
12	17	SCAF_12	15333003	16127850	15730426.5	0.704902506008183	0.000550125052278778	astn1,pappa2,cop1,xrn1,LOC140356165,crispld1b,ankrd33bb,ctnnd2b,pkia,lyn,zswim5	0.343352988367333	0.7	270	3.68590298861305	FALSE
12	18	SCAF_12	16152898	16854158	16503528	0.715637795108331	0.00045580407174555	tmem53,rnf220a,slc6a9,LOC140356176,carmil3,cdh24b	0.446822896047876	0.7	270	3.68590298861305	FALSE
12	19	SCAF_12	16869134	17636745	17252939.5	0.591627869438127	0.00081540420793916	cdh24b,LOC140355690,LOC140355691,acin1a,LOC140356223,LOC140356224,xirp1,LOC140356226,LOC140356230,col6a2,LOC140355697,mcm6,LOC140355822,LOC140356241,LOC140356251,sugt1,ednrba,LOC140356255,LOC140356256,LOC140356259	-0.719972076402451	0.55	91	3.36155570775314	FALSE
12	20	SCAF_12	17636824	17852853	17744838.5	0.559727253883595	0.000630461394680705	LOC140356259,LOC140356258,LOC140356257,dis3l2,LOC140356266,LOC140355823,LOC140356261,LOC140356269,LOC140356268,LOC140356262,LOC140356263,LOC140356265,LOC140356270	-1.02663581739495	0.55	91	3.36155570775314	FALSE
12	21	SCAF_12	17853066	18777936	18315501	0.631100208054052	0.000706162666886554	LOC140356270,LOC140356272,tnk2b,LOC140356278,dab1b,LOC140356286,lrrc52,LOC140356308,LOC140356295,LOC140356289,LOC140356293,LOC140356312,LOC140356311,slc1a7a,nos1apb,LOC140356322	-0.352523708360885	0.6	145	3.50292622822017	FALSE
12	22	SCAF_12	18801845	19419245	19110545	0.689020098039343	0.000653760089745086	rgs18,rgs1,rgs13a,ro60,cdc73,LOC140356335,LOC140355827,ephb3a,mfsd8l2,LOC140356340,LOC140356341,LOC140356342,ccdc39,LOC140356348,LOC140356347,asip2b,LOC140356350,LOC140355830,LOC140356351,LOC140356354,imp3,sec22ba,slc35a3b,fam78ba,cmpk,bcl6ab,LOC140356360,LOC140356361,LOC140356362,marchf2,spsb4a,LOC140356373	0.192181245610893	0.65	223	3.63025993962302	FALSE
12	23	SCAF_12	19421304	20123347	19772325.5	0.641232916831595	0.000712756536270048	LOC140356373,copb2,LOC140356372,LOC140356375,pcyt1aa,LOC140356377,LOC140356378,LOC140356381,dnah9l,LOC140356384,epha4b,epha4a,fem1a,LOC140356390,LOC140356393,LOC140356395,stap2a,LOC140356397	-0.257234112087085	0.6	145	3.50292622822017	FALSE
12	24	SCAF_12	20124845	21005841	20565343	0.583113447106619	0.000731964852462876	LOC140356397,LOC140355833,cactin,cdc34b,sirt6,LOC140356404,onecut3b,lingo3b,sf3a2,LOC140356429,stk11,cirbpa,LOC140356425,pde4dip,prkab2,LOC140356433,LOC140356434,LOC140355835,fndc7a,LOC140355836,wdr47a,camsap2b,ticam1,capn10,chrng,prss56,vwa5b2,ece2a,map6d1,yeats2,klhl24a,pask,kcnab1b	-0.802530519588479	0.55	91	3.36155570775314	FALSE
12	25	SCAF_12	21007918	22057535	21532726.5	0.641356915155704	0.000651807008324455	kcnab1b,LOC140356447,dhrs12lb,ap1s3b,acsl3b,pax3a,LOC140356468,ephb1,gpc1b,gpc5c,fgf12a,LOC140356475,ppm1la,ptch2,plk3	-0.256760713743856	0.6	145	3.50292622822017	FALSE
12	26	SCAF_12	22063315	23160348	22611831.5	0.648363882945529	0.000618024124680887	mrps14,tnn,tnr,agxtb,bokb,ubxn7,fam131aa,clcn2a,itm2cb,LOC140356512,pbx1a,arhgap21b,kmt2cb,LOC140356523,bcl2b,kdsr,LOC140356528,LOC140356529,LOC140356530,LOC140355755,LOC140356531	-0.191045811931317	0.6	145	3.50292622822017	FALSE
12	27	SCAF_12	23164144	23798612	23481378	0.754940033400273	0.00044216594763974	LOC140356531,ss18,aqp4,cdh2	0.82079355549146	0.75	143	3.49876676547149	FALSE
12	28	SCAF_12	23798648	24846697	24322672.5	0.720971844120099	0.000673101887583248	dsc2l,LOC140356540,LOC140356541,LOC140356542,dspa,LOC140356544,LOC140356547,LOC140356548,LOC140356552,phlpp1,mep1bb,dusp22b,irf4a,LOC140356564,sharpin,gpaa1,prkacbb,LOC140356573	0.492698959317074	0.7	270	3.68590298861305	FALSE
12	29	SCAF_12	24860058	25798127	25329092.5	0.715553938764176	0.000506031966672175	LOC140356573,LOC140356591,LOC140356588,rpe65a,klhl14,dtna,spidr,mcm4,snai2,sntg1,pcmtd1,rb1cc1,agap3,asb10,asic1c	0.445018046591462	0.7	270	3.68590298861305	FALSE
12	30	SCAF_12	25801512	26525357	26163434.5	0.650425154172283	0.000466821985203801	asic1c,abcb8,atg9b,obscnb,cunh1orf35,wnt3a,wnt9a,snap47,jmjd4,gjc2,LOC140356618,LOC140356625,ccdc13,tmie,pth1r	-0.172767000607513	0.65	223	3.63025993962302	FALSE
12	31	SCAF_12	26542550	27455691	26999120.5	0.758169666229804	0.000338680469021835	pth1r,myl13,LOC140356633,LOC140356632,thoc1,rock1,LOC140356629	0.855513094743804	0.75	143	3.49876676547149	FALSE
12	32	SCAF_12	27487348	28551289	28019318.5	0.738711434686573	0.000446532751731892	LOC140356635,zmynd11,basp1,LOC140356640,myo10,LOC140356642,LOC140355851,LOC140356650,LOC140356655,gk5,atp1b3a,grk7a,fbxo36b,agfg1b,stk25b,septin2,LOC140355857,cldn18,hs2st1a,pkn2a,lrrc8da,znf644a	0.666356552463139	0.7	270	3.68590298861305	FALSE
12	33	SCAF_12	28551434	29622363	29086898.5	0.669759151203496	0.000782393860460623	znf644a,hfm1,cdc7,glmna,rpl5a,dipk1aa,wls,LOC140356684,LOC140355859,LOC140356686,pif1,LOC140355860,ptger4c,artnb,st3gal3b,kdm4ab,LOC140356692,LOC140355784,ano8a,plvapa	0.010709460414936	0.65	223	3.63025993962302	FALSE
12	34	SCAF_12	29623842	30290629	29957235.5	0.689350613503879	0.000681827699509756	nr2f6a,LOC140356693,kcnn1a,angptl4,LOC140356712,rps15,cnn2,crtc1a,gdf15,mast3a,pik3r2,pde4ca	0.195051557875781	0.65	223	3.63025993962302	FALSE
12	35	SCAF_12	30295094	31919181	31107137.5	0.613486266842536	0.00084754315002553	pde4ca,LOC140356702,LOC140355862,kcnq3,LOC140356738,oc90,efr3a,adcy8,dnaaf11,LOC140355864,tmem71,ift57,cavin4a,tmeff1a,slc39a6	-0.514834267112123	0.6	145	3.50292622822017	FALSE
12	36	SCAF_12	31921905	33384686	32653295.5	0.672451072298177	0.000766294147454031	slc39a6,crfb16,ptmab,saga,dusp28,vcpip1,LOC140355792,dlg1b,rasal2,smg7,nmnat2,lamc2,LOC140356737	0.0359455025622113	0.65	223	3.63025993962302	FALSE
12	37	SCAF_12	33390125	35176292	34283208.5	0.771191305788094	0.000487332330833348	cyp7a1,cunh5orf22,LOC140356750,LOC140356751,LOC140355875,agla,LOC140355876,rnf2,LOC140356756,tyw3,dnai4	0.973329428428443	0.75	143	3.49876676547149	FALSE
12	38	SCAF_12	35181421	37672678	36427049.5	0.766556678373829	0.000597054626987582	LOC140356761,LOC140356760,LOC140356759,asph,LOC140355880,LOC140355881,LOC140356764,LOC140356769,depdc5,lamc1,dhx9,LOC140356771,znf622,tmem70,LOC140356773	0.924795022362501	0.75	143	3.49876676547149	FALSE
13	0	SCAF_13	480277	2340237	1410257	0.788413089039712	0.000385888923769661	LOC140357811,aoc2,LOC140357788,fbxl16,smg1,hao1,abcc1	1.1419723254114	0.75	143	3.49876676547149	FALSE
13	1	SCAF_13	2342030	4129656	3235843	0.592074891010623	0.000502958961318251	abcc1,prmt1,ap2a1,prrg2,prr12b,rcn3,abat,mettl22,nbr1b,LOC140357826,LOC140357830,pdxdc1	-0.72577626985913	0.55	91	3.36155570775314	FALSE
13	2	SCAF_13	4129752	5230170	4679961	0.624373339910429	0.000747932160429568	pdxdc1,gspt1l,rrn3,LOC140357840,ppl,rogdi,smim22,wipi1,LOC140357838,cog1,LOC140357839,ube2z,LOC140357837,eve1	-0.41496998815528	0.6	145	3.50292622822017	FALSE
13	3	SCAF_13	5232317	5861896	5547106.5	0.698256695256851	0.000696466651967267	LOC140357846,LOC140357847,hoxb3a,cbx1a,nfe2l1a,copz2,LOC140357859	0.278649585701705	0.65	223	3.63025993962302	FALSE
13	4	SCAF_13	5875136	6345873	6110504.5	0.808633833290868	0.000232944381154763	LOC140357860,rab11fip4a,coil,scpep1,slc16a3a,dus1l,cln3,LOC140357870,carm1,LOC140357877,LOC140357763,LOC140357879,LOC140357876,LOC140357764	1.34409985522223	0.8	28	2.98439383856425	FALSE
13	5	SCAF_13	6347260	7075272	6711266	0.708178046233765	0.000510368640165534	LOC140357879,rpl23,LOC140357892,LOC140357884,ddx47,LOC140357889,LOC140357765,LOC140357794,LOC140357886,LOC140357887,LOC140357890,kpna2,LOC140357896,grb2b	0.375014767699001	0.7	270	3.68590298861305	FALSE
13	6	SCAF_13	7075276	7869972	7472624	0.645358721518496	0.000914559825026109	grb2b,LOC140357577,LOC140357898,LOC140357899,spag9a,LOC140357900	-0.216556375004851	0.6	145	3.50292622822017	FALSE
13	7	SCAF_13	7894409	8044339	7969374	0.64267084077285	0.000664524367439623	ankrd40,LOC140357905	-0.244246563256231	0.6	145	3.50292622822017	FALSE
13	8	SCAF_13	8044357	8257819	8151088	0.601486405628832	0.000826698677955002	LOC140357905,cacna1ia	-0.627467457968829	0.6	145	3.50292622822017	FALSE
13	9	SCAF_13	8262052	9219590	8740821	0.699471503722094	0.000548334539552544	cacna1ia,LOC140357795,LOC140357796,gtpbp1,sgsm3,elfn2b,LOC140357798,alkbh7,cacna1aa	0.291987272804941	0.65	223	3.63025993962302	FALSE
13	10	SCAF_13	9228322	10204609	9716465.5	0.684653954037949	0.000603486033120164	cacna1aa,nacc1a,ighd,asphd1,sez6l2,kctd13,xpo6,nme4,LOC140357584,cacna1ha,epn2,grapa,fam83ga,LOC140357931,LOC140357802,LOC140357937	0.151396325167856	0.65	223	3.63025993962302	FALSE
13	11	SCAF_13	10208832	10918803	10563817.5	0.661060174809883	0.000573091516795396	LOC140357937,LOC140357938,nptx1l,pecam1a,mcrip1,alyref,arhgdia,recql5,LOC140357948,LOC140357592,LOC140357950,LOC140357951,atp2a1,rabep2,LOC140357952	-0.0714176482304517	0.65	223	3.63025993962302	FALSE
13	12	SCAF_13	10919229	11929921	11424575	0.642101929539296	0.000668334327887526	LOC140357952,LOC140357593,gdpd3a,nme3,cramp1,LOC140357971,LOC140357973,hspbp1,aspdh,gys1,slc6a16a,grin2aa,LOC140357985,LOC140357770,nubp1,clec16a,prkcbb	-0.249560215820641	0.6	145	3.50292622822017	FALSE
13	13	SCAF_13	11937666	12775406	12356536	0.749199806275556	0.000533914179386944	prkcbb,cacng3b,LOC140357994,usp7,LOC140358001,clcn7,arhgdig,rpusd1,myo15aa,llgl1,LOC140357805,LOC140357772,LOC140358013,LOC140358019,LOC140358017,LOC140358018,tsen54,tmem104	0.763055965754382	0.7	270	3.68590298861305	FALSE
13	14	SCAF_13	12775978	13243501	13009739.5	0.514066206539168	0.000781294714083958	tmem104,grin2ca,rbfox3a	-1.44747176284156	0.5	38	3.08510909216493	FALSE
13	15	SCAF_13	13244486	13731065	13487775.5	0.613188474985692	0.000689293879770068	rbfox3a	-0.521224450246705	0.6	145	3.50292622822017	FALSE
13	16	SCAF_13	13732222	14058901	13895561.5	0.634819726212189	0.000668927131358518	rbfox3a	-0.318095615198509	0.6	145	3.50292622822017	FALSE
13	17	SCAF_13	14060236	14391038	14225637	0.60285428295963	0.000492214202257158	LOC140358026,LOC140358765	-0.623865105424406	0.6	145	3.50292622822017	FALSE
13	18	SCAF_13	14392506	15300705	14846605.5	0.817604643292929	0.000324111956494318	LOC140358765,cbx2,pctp,tmem100a,mmd,hlfa,LOC140358030,LOC140357612,LOC140357613,LOC140358031	1.42424475490224	0.8	28	2.98439383856425	FALSE
13	19	SCAF_13	15302664	15615772	15459218	0.832646045339621	0.000239054756788094	LOC140358031,dhrs7ca,rcvrna,tmem220,map2k4a,elac2,gsg1l,LOC140357629,ift70,alg1	1.57416112116241	0.8	28	2.98439383856425	FALSE
13	20	SCAF_13	15615847	15738358	15677102.5	0.888816312712768	0.000134870968563023	alg1,eef2kmt,LOC140358773,pigq,rab40c,LOC140358774,LOC140358048	2.12342568622452	0.85	3	2.15785653159225	FALSE
13	21	SCAF_13	15738364	16481573	16109968.5	0.740478398687433	0.000563806518537156	LOC140358048,kat8,rnf25,anapc2,LOC140358053,srrm2,arl6ip1,LOC140358775,LOC140358056,srsf2b,mfsd11,LOC140357773,LOC140358058,foxj1a,kcnh6a,setd1a,slc1a9,ntf4,ppfia3	0.679562400768249	0.7	270	3.68590298861305	FALSE
13	22	SCAF_13	16493317	17302254	16897785.5	0.60000951616393	0.00065755878923222	tbc1d17,akt1s1,elob,LOC140358080,LOC140358778,bcat2,ifi35,LOC140357634,prr14,cd2bp2,tbc1d10b,spns1,sgf29,LOC140358093,LOC140358094,LOC140357637,mvp,LOC140358101,LOC140358102,LOC140358103,stk17al	-0.646063594612859	0.6	145	3.50292622822017	FALSE
13	23	SCAF_13	17329471	17377619	17353545	0.427742634878063	5.25133058294452e-05	stk17al,hsd17b1,LOC140357639	-2.33171740412164	0.4	12	2.69175538018399	FALSE
13	24	SCAF_13	17377642	17711364	17544503	0.521460377468829	0.000465507797649436	LOC140357639,LOC140357640,mylk5,LOC140358106,radil2a,aclya,nkiras2,cnp	-1.39771405769201	0.5	38	3.08510909216493	FALSE
13	25	SCAF_13	17713278	18193197	17953237.5	0.678502496309605	0.000718674629749984	cnp,nkiras2,dnajc7,znf385c,dhx58,kat2a,rab5c,kcnh4a	0.092853358333706	0.65	223	3.63025993962302	FALSE
13	26	SCAF_13	18193861	18533540	18363700.5	0.641162629591492	0.000628737802760571	kcnh4a,hcrt,LOC140358119,LOC140358122,LOC140358121,stat3	-0.258855818324159	0.6	145	3.50292622822017	FALSE
13	27	SCAF_13	18542831	18924880	18733855.5	0.582218278421809	0.000611232338630089	stat3,cavin1a,mettl23,LOC140358131,sh2b1,tlcd3ba,LOC140358132,LOC140358133,LOC140358135,LOC140358136,cdipt,LOC140358142,nlk1,LOC140358144,utp18,LOC140358139,LOC140358138,kpnb1,LOC140358137	-0.815280043599189	0.55	91	3.36155570775314	FALSE
13	28	SCAF_13	18924908	19603425	19264166.5	0.336245095537398	0.000540662600445238	LOC140358137,LOC140358148,LOC140358157,LOC140358158,LOC140358780,LOC140358781,LOC140358156,rapgefl1,LOC140358166,med15,LOC140358150,psmd3,csf3b,arhgap27l,LOC140358182,rdm1,cdc27,scn4ab,LOC140358175,LOC140358782	-3.14628280115199	0.3	3	2.15785653159225	FALSE
13	29	SCAF_13	19603427	19719449	19661438	0.250852357289136	0.000340671808461674	LOC140358782,LOC140357645,LOC140358783,LOC140358176,sult3st1,eif3d,sstr3	-3.99054553164184	0.25	3	2.15785653159225	FALSE
13	30	SCAF_13	19719663	20150930	19935296.5	0.573318536620001	0.000600046049891989	LOC140358183,fam83fa,grap2a,LOC140358185,LOC140358188,42sp43,LOC140358191	-0.899709786786831	0.55	91	3.36155570775314	FALSE
13	31	SCAF_13	20155041	20638055	20396548	0.77125365609083	0.000392025282234504	LOC140358191,fbxl20,cdk12,LOC140358193,ppp1r1b,LOC140358195,itgb3a,mettl2a,tlk2,mrc2	0.978126933832686	0.75	143	3.49876676547149	FALSE
13	32	SCAF_13	20640718	21292446	20966582	0.575088641614783	0.00070827677253959	rnd2,vat1,phb,znf652,eftud2,gjc1,LOC140358211,LOC140358789,LOC140357780,LOC140358212,cacnb1	-0.878769431951825	0.55	91	3.36155570775314	FALSE
13	33	SCAF_13	21302742	22135569	21719155.5	0.721411211032557	0.000523778371724952	arl5c,arhgap23a,plcd3a,LOC140358227,retsat.2,cdk21,svilc,kcnj19a,LOC140358219,LOC140358790,mpp3a,asic2	0.500151575717332	0.7	270	3.68590298861305	FALSE
13	34	SCAF_13	22140800	22729199	22434999.5	0.713899740782892	0.000477413563601829	asic2,tmub2,atxn7l3a,slc4a1a,LOC140358239,ngfra	0.429888027149249	0.7	270	3.68590298861305	FALSE
13	35	SCAF_13	22736460	23262962	22999711	0.806717643173398	0.000256471614285191	LOC140357655,ndufa4a,fam117aa,rundc3aa,ddx42,map3k3,moto	1.32427070482399	0.8	28	2.98439383856425	FALSE
13	36	SCAF_13	23268735	23904284	23586509.5	0.727055733582262	0.000461585188001447	ccdc43,c1ql1l2,ramp2,cntnap1,plekhh3,tubg1,retreg3,srcin1a,arf2a,wnt9b	0.555175693163649	0.7	270	3.68590298861305	FALSE
13	37	SCAF_13	23932468	24221279	24076873.5	0.550609994865008	0.00129061884549641	gpatch8,map3k14a,baxa,rps11,lfng,ttyh3a,snx8a,mrm2	-1.08132073150656	0.55	91	3.36155570775314	FALSE
13	38	SCAF_13	24230505	25002062	24616283.5	0.750377189310039	0.000451647238888756	elfn1a,tmem184a,mafk,LOC140357659,micall2a,galr2b,axin1,zc3h7a,rmi2,LOC140358290,kdm8	0.777075946546688	0.75	143	3.49876676547149	FALSE
13	39	SCAF_13	25009931	25779253	25394592	0.77399888563109	0.000361210910208761	hs3st4,hs3st2,usp31,baiap3,gpr146,unkl,LOC140358793,shisa9b,mrtfbb,aanat2,rhbdf1a,mpg,nprl3,kank2,dock6	1.00569682353904	0.75	143	3.49876676547149	FALSE
13	40	SCAF_13	25780089	26484808	26132448.5	0.761172921975232	0.000460507677547367	elavl3,pde4a,raver1,LOC140358798,s1pr2,trip10a,olfm2a,col5a3a,notch3,LOC140358322,LOC140357666,camsap3,LOC140358336,LOC140358333	0.879328626536765	0.75	143	3.49876676547149	FALSE
13	41	SCAF_13	26489535	26913878	26701706.5	0.64844873142976	0.000477269181895477	LOC140358333,LOC140358340,LOC140358349,LOC140358346,brd4,pbx4,atp13a1,lmx1al,gmip,colgalt1a,pgls,LOC140358802,slc27a1a,adgrl1a	-0.191448212347683	0.6	145	3.50292622822017	FALSE
13	42	SCAF_13	26923206	27628781	27275993.5	0.65665505403683	0.000699476046041963	adgrl1a,ppap2d,tnfsf14,dnm2a,kcnt2b,LOC140358371,dnajb1a,LOC140357784,gcgra,mrpl12,hgs,btr02,tbcd,znf750,metrnla,LOC140358404,LOC140357672,arhgap44a,cdc42ep4a,sdk2a	-0.11242392203169	0.65	223	3.63025993962302	FALSE
13	43	SCAF_13	27633474	28309911	27971692.5	0.664758128319287	0.000717110390541893	cdc42ep4a,sdk2a,ttyh2l,LOC140358415,aatka,tspan10,ccdc137,LOC140357681,ush1ga,LOC140358422,amn,bahcc1a,fscn2a,LOC140358431,cyth1a,usp36,cant1a,notum1a,LOC140358443	-0.0362305050900352	0.65	223	3.63025993962302	FALSE
13	44	SCAF_13	28313862	28451127	28382494.5	0.810281691290008	0.000411222464604074	LOC140358442,LOC140358444,LOC140358804,LOC140358456	1.34888362959994	0.8	28	2.98439383856425	FALSE
13	45	SCAF_13	28451133	29029296	28740214.5	0.630933916197613	0.000697872640936951	LOC140358447,LOC140358449,LOC140358450,ccnf,hmox2b,LOC140358462,glis2b	-0.354215981842057	0.6	145	3.50292622822017	FALSE
13	46	SCAF_13	29102819	29577739	29340279	0.676959450632673	0.000473152044145858	LOC140358471,trap1,dnaaf5,prkar1b,pdgfab,LOC140358474,LOC140358476,LOC140357690,gprc5ba,gpr139,LOC140357691,LOC140358482,cdr2a,sdr42e2,mosmoa,uqcrc2a,LOC140358488,anks4b,whr1,LOC140358492,cyth3b	0.0792242346352507	0.65	223	3.63025993962302	FALSE
13	47	SCAF_13	29579549	30120375	29849962	0.514293229709949	0.000781964310004176	cyth3b,prkcab,cep112,axin2,tex2,tbc1d16,LOC140358513,arhgap17b,slc5a11,grid2ipa,LOC140358501,LOC140357694,LOC140358504,rnf151,tom1l2a,srebf1	-1.44530307534894	0.5	38	3.08510909216493	FALSE
13	48	SCAF_13	30120594	31133121	30626857.5	0.627987771899633	0.000692053082480091	srebf1,rai1,LOC140358520,nptx2a,baiap2l1b,lmtk2,LOC140358534,LOC140357697,LOC140358531,pitpnc1a,LOC140358536,mrps7,gga3b,nup85,LOC140358813,rhot1a,LOC140357703,LOC140358553,LOC140358559,LOC140358560,LOC140357706,LOC140358816,pik3r6b,mfsd6l	-0.382008591299823	0.6	145	3.50292622822017	FALSE
13	49	SCAF_13	31160925	32087173	31624049	0.742427350378342	0.000536313420294631	mcm5,hmox1a,hmgxb4a,smarca4a,LOC140358598,LOC140358594,rtbdn,LOC140358585,LOC140358588,pkn1b,LOC140358599,nsfa,LOC140358602,cpt1a2b,tnnt1,syt5a,LOC140358818,dnase1,carhsp1,LOC140358621,prpsap2,caskin1,traf7	0.69885204877129	0.7	270	3.68590298861305	FALSE
13	50	SCAF_13	32087296	32891736	32489516	0.752363383048578	0.000424208334532076	traf7,gng13b,rad23aa,nfixb,gadd45gip1,LOC140358628,tspan34b,epor,rab3db,cnn1b,LOC140358633,plppr2a,LOC140358636,LOC140358638,LOC140358639,LOC140358647,farsa,ilf3b,LOC140358649,wizb	0.796941309879011	0.75	143	3.49876676547149	FALSE
13	51	SCAF_13	32899101	34141497	33520299	0.688158019428313	0.000571281318419514	farsa,wizb,LOC140358656,prr36b,LOC140357722,col1a1a,hdac5,tanc2a,LOC140358668,LOC140358821,LOC140358671,LOC140358679,kcnj4,LOC140358687,LOC140358686,ccdc134,nol12,triobpb,fam234b,poldip3,rrp7a,grin2ba	0.184738762395624	0.65	223	3.63025993962302	FALSE
13	52	SCAF_13	34145503	36627702	35386602.5	0.735181452724572	0.000574018926952371	tcf20,LOC140358824,LOC140357735,LOC140358699,mgp,LOC140357740,LOC140358702,LOC140358706,ep300b,cbx7a,cpsf4,top3a,smcr8a,slc29a4a,tnrc18,actb2,fscn1a,LOC140358731,c1qtnf6a,LOC140358736,smurf1,atf4b,pdgfbb,csf2rb,pvalb6,baiap2l2a,nptxra,fam20cl,hsd3b7,med25,syt3	0.629185185356292	0.7	270	3.68590298861305	FALSE
14	0	SCAF_14	291818	4480314	2386066	0.74565427385642	0.00071353637888205	LOC140359293,LOC140359284,LOC140359296,LOC140359285,rnf17,cpap,ttf2,cryl1,xpo4,ift88,mphosph8,zmym2,LOC140359308,LOC140359135,dnajc10,itprid2,neurod1,cerkl,itga4,pde9aa,wdr4,ccdc135,LOC140359321,il1rl2,LOC140359324,LOC140359136,map4k4	0.723678813255294	0.7	270	3.68590298861305	FALSE
14	1	SCAF_14	4491070	5722614	5106842	0.694666047879646	0.00047583649074165	map4k4,sona,ccdc93,LOC140359332,LOC140359333,LOC140359335,ddx18,LOC140359337,map3k13,trpm2	0.247317639945846	0.65	223	3.63025993962302	FALSE
14	2	SCAF_14	5738888	6461088	6099988	0.761506704592265	0.000625529489855058	LOC140359340,LOC140359348,dip2a,LOC140359341,LOC140359755,LOC140359350,prmt2,snx4,LOC140359345,arsh,LOC140359810	0.876000058371562	0.75	143	3.49876676547149	FALSE
14	3	SCAF_14	6461176	7856434	7158805	0.543035339789278	0.000724350263853617	LOC140359352,tmprss3a	-1.17910250634415	0.5	38	3.08510909216493	FALSE
14	4	SCAF_14	7856468	8295773	8076120.5	0.809225487521801	0.000460510627737803	tmprss3a,LOC140359354,ndufv3,sestd1,desma,tmem198aa,bin1a,insig2,LOC140359141	1.3358456356315	0.8	28	2.98439383856425	FALSE
14	5	SCAF_14	8298923	8752853	8525888	0.656105967193211	0.000720576568417159	marco,LOC140359387,steap3,cunh2orf76,dbi,LOC140359386	-0.117475636375435	0.65	223	3.63025993962302	FALSE
14	6	SCAF_14	8753052	9666383	9209717.5	0.689520160340019	0.000654435289158855	LOC140359248,LOC140359250,gypc,ccdc141,LOC140359384,ttn.2	0.196885228339956	0.65	223	3.63025993962302	FALSE
14	7	SCAF_14	9672127	10432894	10052510.5	0.659210630863673	0.00072892078971766	ttn.2,mylka,LOC140360065,arglu1a,efnb2a	-0.0882878997239918	0.65	223	3.63025993962302	FALSE
14	8	SCAF_14	10453867	11134174	10794020.5	0.736049419840124	0.000438635032681208	LOC140360066,LOC140360069,LOC140360070	0.641279349183057	0.7	270	3.68590298861305	FALSE
14	9	SCAF_14	11143041	11546165	11344603	0.807328237795497	0.000283282666962939	""	1.32848919780493	0.8	28	2.98439383856425	FALSE
14	10	SCAF_14	11546218	11712306	11629262	0.731960479526555	0.000632076086429323	""	0.597193509004814	0.7	270	3.68590298861305	FALSE
14	11	SCAF_14	11712932	11739274	11726103	0.365482572126389	0.000181686805189797	samd9l	-2.916811828473	0.35	8	2.54368881914556	FALSE
14	12	SCAF_14	11739275	11938977	11839126	0.367555334404505	0.000390161434186655	samd9l,gtpbp8,slc10a2,klhdc3l	-2.86930785163395	0.35	8	2.54368881914556	FALSE
14	13	SCAF_14	11970695	12250372	12110533.5	0.923517545717498	0.000207240352436662	gli2a,LOC140359401	2.44982508133484	0.9	4	2.27565241302896	TRUE
14	14	SCAF_14	12250393	12587045	12418719	0.782632875791417	0.000569602379578578	tfcp2l1,clasp1a,LOC140359149,nostrin,cers6,stk39,b3galt1b	1.07791227638272	0.75	143	3.49876676547149	FALSE
14	15	SCAF_14	12588682	13339752	12964217	0.71730686734973	0.000488393120107951	b3galt1b,xirp2b,csrnp3,galnt3,ttc21b,slc38a11,cobll1b,grb14,fign,LOC140359428,ifih1,fap,LOC140359260	0.462003811841358	0.7	270	3.68590298861305	FALSE
14	16	SCAF_14	13344837	14162670	13753753.5	0.736623426514406	0.000495100409240894	tank,rbms1b,baz2bb,LOC140359423,tanc1b,pkp4,LOC140359153,upp2,LOC140359433,acvr1c	0.645093036514872	0.7	270	3.68590298861305	FALSE
14	17	SCAF_14	14166599	15035533	14601066	0.745479576442449	0.000519452785869594	kcnj3a,galnt13,prpf40a,LOC140359444,LOC140359441,myo10l3,igf2bp2a,ehhadh,LOC140359457,smarcal1	0.728301237815741	0.7	270	3.68590298861305	FALSE
14	18	SCAF_14	15049691	15841991	15445841	0.644034678068806	0.000741790021484376	marchf4b,xrcc5,pfkla,rdh1,lrp2a,col28a2a,cfap210,klhl23,ubr3,myo3b,LOC140359489,LOC140359490,dync1i2a,LOC140359493,hat1,itga6a,pdk1,ppp1r9ala,rapgef4a,map3k20a,cdca7a,LOC140359514,LOC140359511,atf2,lnpa	-0.230619019941439	0.6	145	3.50292622822017	FALSE
14	19	SCAF_14	15844060	16300156	16072108	0.557651580805628	0.00048524629251568	evx2,hoxd4a,hoxd3a,agps,pde11a,osbpl6,ino80da,stk24a,nr1i2,gsk3ba,gpr156,LOC140359547,bcl9	-1.05302460568142	0.55	91	3.36155570775314	FALSE
14	20	SCAF_14	16302281	16671311	16486796	0.780282954914807	0.000415045331668301	chaf1b,morc3a,dop1b,slc5a3b,LOC140359566,LOC140359567,rpe,igsf3,klhl6,LOC140360078,LOC140360079	1.0630643002254	0.75	143	3.49876676547149	FALSE
14	21	SCAF_14	16682308	16999161	16840734.5	0.718160887203293	0.000390698896745924	LOC140359570,tbl1x,mospd2,fancb,glra2,gpm6bb,ofd1,egfl6,frmpd4,LOC140359585,mid1,cog3	0.472188267579626	0.7	270	3.68590298861305	FALSE
14	22	SCAF_14	17011668	17608686	17310177	0.628620554379541	0.000877373429655231	LOC140359589,LOC140359591,fastkd5,LOC140359594,dct,LOC140359596,sox21b,dnajc3a,uggt2,hs6st3b	-0.373015433921199	0.6	145	3.50292622822017	FALSE
14	23	SCAF_14	17609298	18158829	17884063.5	0.706666714784189	0.000570122705313963	hs6st3b,LOC140359605,LOC140359606,LOC140359607,slc15a1a,LOC140359609,LOC140359610,pdzk1,cckbrb,LOC140359612,myo16	0.359724359542043	0.7	270	3.68590298861305	FALSE
14	24	SCAF_14	18160600	18716289	18438444.5	0.610391381839218	0.000531568669607927	myo16,col4a1,col4a2,naxd,ing1,ube2al,ankrd10b,cbsb,appb,asb11,LOC140359630,LOC140359629,sytl5,srpx,gpr161b,dcaf6,cep97,nxpe3,me3,ildr2,gpa33b,pou2f1b,lamp1b,LOC140359178,tfdp1a,mettl21cb,jam2b,st6gal2a	-0.551386500343577	0.6	145	3.50292622822017	FALSE
14	25	SCAF_14	18718405	19404546	19061475.5	0.530530431229387	0.000694171287634406	st6gal2a,tmtops2b,uxs1,ecrg4a,nck2a,fhl2a,gpr45,tmem182a,slc9a2,inpp4aa,mgat4a,cracdla,aff3,arhgef7a,LOC140359682,phf11,LOC140359683,kpna3,spryd7b,trim13,il1rapl1a	-1.29824214301594	0.5	38	3.08510909216493	FALSE
14	26	SCAF_14	19411064	19661802	19536433	0.493394316673376	0.000306305387599535	il1rapl1a,LOC140359695,cmss1,dcbld2,col8a1a,tfg,abi3bpa	-1.67637402648335	0.45	31	3.01821727293924	FALSE
14	27	SCAF_14	19663475	20307965	19985720	0.712825459521776	0.000469369115678391	LOC140359705,bcor,LOC140359708,slain1a,scel,mycbp2,LOC140359723,uchl3,tbc1d4,klf12b,dachd,clybl	0.419841946899267	0.7	270	3.68590298861305	FALSE
14	28	SCAF_14	20309415	21387330	20848372.5	0.843646769439905	0.000224257843705497	clybl,tmtc4,nalcn,itgbl1,fgf14,shox,ppp2r3b,rpl8,ddx3xa,caska,mao,ndp,ccdc80,slc35a5,vwa8,dgkh	1.68087817794813	0.8	28	2.98439383856425	FALSE
14	29	SCAF_14	21400228	22324511	21862369.5	0.704714170741143	0.000579040544849727	akap11,tnfsf11,kcnh3,tbccd1,satb2,plcl1,rftn2,LOC140359781,sf3b1,pikfyve,LOC140359790,LOC140359799,LOC140359804,dgkg,itgb5,rif1,LOC140359194,raph1a,LOC140359057,LOC140359059,LOC140359060,LOC140359818	0.34112963867022	0.7	270	3.68590298861305	FALSE
14	30	SCAF_14	22335082	23585120	22960101	0.696877635368635	0.000546436034989529	LOC140359070,ahr2,LOC140359821,kalrna,abcb6b,prkag3b,fer1l6,parp4,trim45,man1a2,gdap2,tbx15,wars2,popdc2,ska3,lats2,ptprna,dnajb2,LOC140359076,abca12,bard1,vwc2l,ikzf2,LOC140359862	0.2674643924767	0.65	223	3.63025993962302	FALSE
14	31	SCAF_14	23586114	24482102	24034108	0.699079879249387	0.000599452806229649	LOC140359862,map2,kansl1l,LOC140359864,asmt,akap17a,sowahca,LOC140359870	0.287623807470886	0.65	223	3.63025993962302	FALSE
14	32	SCAF_14	24485441	25334158	24909799.5	0.744285370398281	0.000477072052106513	LOC140359870,edar,LOC140359267,chmp2ba,pou1f1,htr1fa,LOC140359879,LOC140359882,epha3,stx19	0.718353838500912	0.7	270	3.68590298861305	FALSE
14	33	SCAF_14	25346636	26446900	25896768	0.78077248772905	0.0003528403233975	epha3,LOC140359891,tmem223,LOC140359893,ranbp2,tpt1,LOC140359896,kctd4,tsc22d1,LOC140359898,LOC140359086,agpat3,LOC140359902,chpfa,asic4a,cxcr2,gmppaa,pnkd,LOC140359206,dars1	1.07074708779926	0.75	143	3.49876676547149	FALSE
14	34	SCAF_14	26448020	27197496	26822758	0.668469458399295	0.000429104112802413	dars1,thsd7ba,spopla,stxbp5l	-0.0013906170374057	0.65	223	3.63025993962302	FALSE
14	35	SCAF_14	27201026	27772865	27486945.5	0.741111316726346	0.000478784602499449	stxbp5l,nepro,LOC140359924,lrp1bb	0.688168564507037	0.7	270	3.68590298861305	FALSE
14	36	SCAF_14	27780523	28403122	28091822.5	0.731706705107112	0.00048314641175048	lrp1bb,LOC140359925,myo1b	0.598777212318369	0.7	270	3.68590298861305	FALSE
14	37	SCAF_14	28406730	29106951	28756840.5	0.766039263229262	0.000420772129240946	myo1b,cfap65,wnt6b,wnt10a,umps,fn1a,LOC140359093,LOC140359094,LOC140359212,LOC140359934,LOC140359937	0.927224871713905	0.75	143	3.49876676547149	FALSE
14	38	SCAF_14	29107001	29876876	29491938.5	0.774640398765049	0.000379102353213054	LOC140359937,pard3bb,LOC140359214,glsb	1.01099559267779	0.75	143	3.49876676547149	FALSE
14	39	SCAF_14	29905639	30102940	30004289.5	0.840727659246957	0.000322179401353998	LOC140359948,LOC140359950,wdr75,slc40a1,asdurf,asnsd1,sympk,LOC140359951,gpr39	1.64543207908354	0.8	28	2.98439383856425	FALSE
14	40	SCAF_14	30106512	30707261	30406886.5	0.667283668478047	0.000414061783973563	gpr39,LOC140359271,LOC140359272,LOC140359273,LOC140359954,cops8,trim63b,LOC140359957,LOC140359958	-0.0126806958046008	0.65	223	3.63025993962302	FALSE
14	41	SCAF_14	30713166	30880490	30796828	0.780685854633342	0.000225474568479339	LOC140359961	1.07618467245878	0.75	143	3.49876676547149	FALSE
14	42	SCAF_14	30883184	31475990	31179587	0.74730358856327	0.000474976705926579	LOC140359961,nms,LOC140359098,neb,stam2,hacd2	0.747077160699531	0.7	270	3.68590298861305	FALSE
14	43	SCAF_14	31478900	32220013	31849456.5	0.67264900351451	0.000662361888825499	LOC140359965,sec22a,pdia5,sema5ba,slc49a4	0.0379742228576408	0.65	223	3.63025993962302	FALSE
14	44	SCAF_14	32223666	32695378	32459522	0.848141235868669	0.000187300136950944	slc49a4,slc15a2,cyp27a3,LOC140359101,arhgef49,LOC140359102,LOC140359973,serpine3,ints6	1.7269855440072	0.8	28	2.98439383856425	FALSE
14	45	SCAF_14	32695800	33457928	33076864	0.781466951021297	0.0005528228136346	ints6,wdfy2,ankrd50l,fhip1b,trappc10,gdf3,LOC140359106,klf7b,LOC140359988,creb1b,ccnyl1,plekhm3,enox1	1.06769060515302	0.75	143	3.49876676547149	FALSE
14	46	SCAF_14	33470332	34143852	33807092	0.709138749447541	0.00063878488037082	enox1,lacc1,LOC140360023,LOC140360011,LOC140360016,tgfbr2l,itgav,LOC140359111,LOC140359121,LOC140359228,LOC140359994,lcp1,alg11,LOC140359276,LOC140360021,sucla2,LOC140359122	0.381924231261569	0.7	270	3.68590298861305	FALSE
14	47	SCAF_14	34144170	34657951	34401060.5	0.577481554752436	0.000804762533969563	lcp1,LOC140360019,htr2aa,esd,lrch1,hibch,mstnb,ormdl1,adat3,alkbh6,osgepl1,LOC140360017,fkbp7,prnpa,lss	-0.852662078083275	0.55	91	3.36155570775314	FALSE
14	48	SCAF_14	34669695	35078887	34874291	0.650746542961654	0.000395543649815235	LOC140360017,mcm3ap,LOC140359233,usp37,LOC140359234,cyp27a1.1,LOC140360028,LOC140360027,LOC140359282	-0.170262810378624	0.65	223	3.63025993962302	FALSE
14	49	SCAF_14	35078905	35448266	35263585.5	0.782462146730056	0.000324970746516342	LOC140360027	1.08826107434835	0.75	143	3.49876676547149	FALSE
14	50	SCAF_14	35473427	36950064	36211745.5	0.711482375285172	0.000580405037734734	col18a1a,obsl1b,spegb,LOC140359237,LOC140360037,LOC140360040,cavin2a,LOC140360044,dnah7,esyt3,LOC140360049	0.405064191542049	0.7	270	3.68590298861305	FALSE
14	51	SCAF_14	36950207	37871609	37410908	0.559199707266245	0.000783209423948994	LOC140360050,parp9,faima,epb41l5,ptpn4a,farsb,LOC140359125,ubxn4,nmi,LOC140359240	-1.02467647572921	0.55	91	3.36155570775314	FALSE
15	0	SCAF_15	31590	833326	432458	0.759792756086744	0.000460270693833287	LOC140360264,pdlim4,LOC140360474,LOC140360475,jakmip2,dpysl3,stk32a,LOC140360266,stk10,sh3pxd2b	0.866225803031164	0.75	143	3.49876676547149	FALSE
15	1	SCAF_15	833469	1414087	1123778	0.762502461729572	0.000465820141904409	sh3pxd2b,LOC140360269,LOC140360481,gabra6b,gabra1	0.891745982267552	0.75	143	3.49876676547149	FALSE
15	2	SCAF_15	1425884	2077408	1751646	0.689522995214352	0.000682282093010099	gabrg2,septin8a	0.196669178185756	0.65	223	3.63025993962302	FALSE
15	3	SCAF_15	2090068	3061916	2575992	0.699716034870741	0.000646210770457478	septin8a,sowahaa,shroom1,aff4,LOC140360496,hspa4a,rnf14,LOC140360415,LOC140360495,kctd16b,lars1b	0.293019964359888	0.65	223	3.63025993962302	FALSE
15	4	SCAF_15	3064651	3782712	3423681.5	0.722420571386996	0.000518649625911989	lars1b,rbm27,rad50,nsg2,cpeb4b	0.509830954775102	0.7	270	3.68590298861305	FALSE
15	5	SCAF_15	3788311	4692950	4240630.5	0.698358447647811	0.000659320465895905	adgrg4b,LOC140360502,slc7a3a,snx12,LOC140360517,znrd2,mcf2b,LOC140360518,LOC140360523,afap1l1b,LOC140360516,LOC140360520,ubtd2,ublcp1,LOC140360529,LOC140360532	0.280066216349757	0.65	223	3.63025993962302	FALSE
15	6	SCAF_15	4695039	5615986	5155512.5	0.756430376426307	0.000494475362442431	LOC140360532,LOC140360530,tcerg1b,crebrf,LOC140360395,asl,ca4c,aldh3a2b,vtnb,slc13a2,LOC140360539,LOC140360540,LOC140360542,LOC140360546,aifm5,LOC140360549,pafah1b1b,LOC140360553,LOC140360285,smyd4,LOC140360558	0.832996752613461	0.75	143	3.49876676547149	FALSE
15	7	SCAF_15	5634112	6714072	6174092	0.647101719043233	0.000701342219464446	rtn4rl1a,ovca2,smg6,LOC140360291,LOC140360565,ssh2b,nsrp1,LOC140360433,LOC140360571,sdf2,caln2,LOC140360582,bicdl2l,sumf2,cct6a,elnb,LOC140360590,ubl3a,LOC140360594,rxfp2a	-0.202204246602925	0.6	145	3.50292622822017	FALSE
15	8	SCAF_15	6715452	7540143	7127797.5	0.660431481468183	0.000667980748430976	rxfp2a,fryb,pds5b,smad9,dclk1a,LOC140360299,nbeaa,stard13a,LOC140360606,rfc3,kl,LOC140360615,LOC140360616	-0.0770344807152655	0.65	223	3.63025993962302	FALSE
15	9	SCAF_15	7540886	8390803	7965844.5	0.744003383086205	0.000529121675628281	frem2a,trim3b,dchs1b,synj1,eva1c,mis18a,hunk,sod1,tiam1a,LOC140360633,map3k7cl,rab38b,grm5a,LOC140360637,fat3b	0.71400417726679	0.7	270	3.68590298861305	FALSE
15	10	SCAF_15	8391154	8939257	8665205.5	0.720423595989141	0.000649967983999112	fat3b,mtnr1bb,LOC140360302,ilk,smpd1,tpte,fam114a2,LOC140360651	0.488039839061119	0.7	270	3.68590298861305	FALSE
15	11	SCAF_15	8940879	9427012	9183945.5	0.657296461798513	0.00101071970422273	LOC140360651,LOC140360652,sap30l	-0.104961608390297	0.65	223	3.63025993962302	FALSE
15	12	SCAF_15	9429070	9732990	9581030	0.782782303641405	0.000240824789049096	LOC140360657,nipal4,gemin5	1.09554129957531	0.75	143	3.49876676547149	FALSE
15	13	SCAF_15	9733037	9911267	9822152	0.630132547420896	0.000398025219955683	""	-0.366638799707236	0.6	145	3.50292622822017	FALSE
15	14	SCAF_15	9911438	10093872	10002655	0.610562112267685	0.000549211150426215	sgcd	-0.549335264473253	0.6	145	3.50292622822017	FALSE
15	15	SCAF_15	10094514	10426785	10260649.5	0.590072025051616	0.000214345627213698	sgcd,LOC140360660,LOC140360670,rars1,wwc1,arl10	-0.754623472417321	0.55	91	3.36155570775314	FALSE
15	16	SCAF_15	10443429	11266901	10855165	0.741929145283107	0.000431338326873132	grk6,dbn1,LOC140360445,LOC140360674,znf346,fgfr4,nsd1b,rab24,pgk1,LOC140360446,LOC140360693,larp1,faxdc2,macroh2a1	0.697424287068309	0.7	270	3.68590298861305	FALSE
15	17	SCAF_15	11267436	11739120	11503278	0.753536649021505	0.000623927499148399	pitx1,LOC140360697,txndc15,ppp2cab,ube2b,jade2,sar1b,sec24a	0.800896297266571	0.75	143	3.49876676547149	FALSE
15	18	SCAF_15	11740556	12208353	11974454.5	0.740764415569171	0.000536408977692859	sec24a,LOC140360451,ddx46,skp1,tcf7,vdac1,cunh5orf15,fstl4	0.683104396731258	0.7	270	3.68590298861305	FALSE
15	19	SCAF_15	12216926	13176603	12696764.5	0.73896530146596	0.000515338838892685	fstl4,rapgef6,fnip1,acsl6,irf1b,LOC140360711,LOC140360710,LOC140360336	0.666700318712735	0.7	270	3.68590298861305	FALSE
15	20	SCAF_15	13185338	13566294	13375816	0.58067463253674	0.000470085204055677	LOC140360336,pof1b,LOC140360728,pou4f4,klf5l,klf8	-0.835111164776242	0.55	91	3.36155570775314	FALSE
15	21	SCAF_15	13568720	14374020	13971370	0.63608075688727	0.000521878608635591	klf8,ripply1,LOC140360338,amot,LOC140360456,proser1,cadm2a,ltn1,tmem135,hephl1b	-0.308240798064952	0.6	145	3.50292622822017	FALSE
15	22	SCAF_15	14377606	14910954	14644280	0.680280267798189	0.000981892059423578	hephl1b,slc43a2b,pitpnab,inpp5kb,nle1,LOC140360752,LOC140360754,slc47a1,cct8,aldocb,pigs,birc2,LOC140360769,bud13,nectin1a,LOC140360777,LOC140360778,layna,cfap54,LOC140360789,LOC140360796	0.108299504288083	0.65	223	3.63025993962302	FALSE
15	23	SCAF_15	14916795	15979861	15448328	0.547773494511023	0.000651321074919665	LOC140360796,pygma,slc22a6l,nrg2a,LOC140360792,cxxc5a,ppp3ca,LOC140360794,gng8,LOC140360805,LOC140360806,LOC140360808,b4galt4,kif20a,LOC140360829,zbtb20,dlg4a,ephb4a,LOC140360830,LOC140360835,lrch2,wdr44,klhl13	-1.13828497394053	0.5	38	3.08510909216493	FALSE
15	24	SCAF_15	15986414	16726530	16356472	0.72668940495847	0.000379447809100945	klhl13,sptbn2,sipa1,abcg4a,LOC140360353,c2cd2l,phldb1a,LOC140360869,snx19a,LOC140360871,f11r.1,LOC140360875,taf6,grk1b,slc25a35,LOC140360461,slc12a9,gnb2,mink1,pld2,LOC140360891,LOC140360892,srrt,LOC140360895,LOC140360899,rb1,LOC140360900,slc6a7,LOC140360463	0.553751835974613	0.7	270	3.68590298861305	FALSE
15	25	SCAF_15	16736627	17700769	17218698	0.622157175826613	0.000655278412805242	taf1,LOC140360912,myo1ca,LOC140360919,LOC140360466,nectin3b,ccdc61,LOC140360937,pls3,chmp1b,LOC140360941,brwd3,npas2,ophn1,ar,msna,zc3h12b,gab3,aifm1,glra4b,nufip2,nifk,msi2b	-0.437543371827084	0.6	145	3.50292622822017	FALSE
15	26	SCAF_15	17701662	17909259	17805460.5	0.50001072547428	0.000264826032462381	msi2b,LOC140360964,ksr1a,LOC140360471,LOC140360967,LOC140360968,LOC140360974	-1.6161445252732	0.5	38	3.08510909216493	FALSE
15	27	SCAF_15	17909421	18314677	18112049	0.596154426347692	0.000656890966797876	LOC140360974,lhx1b,acaca,LOC140360972,LOC140360973,LOC140360975	-0.68238717413476	0.55	91	3.36155570775314	FALSE
15	28	SCAF_15	18314724	18859278	18587001	0.60623646578083	0.000573561086208719	LOC140360975,pcdh1a,LOC140360977,pcdh2ac,LOC140360980,hrh2b	-0.589624555880266	0.6	145	3.50292622822017	FALSE
15	29	SCAF_15	18894130	19569029	19231579.5	0.722167780844243	0.000542990190907108	cldn7b,fgf11b,nlgn2b,kdm6bb,pcolcea,gabrb4,gabra3,LOC140360997,kif4,kcnk4b,esrra,prdx5,LOC140360236,slc8a4a,LOC140361014,zfpl1,flrt1a	0.506882050102565	0.7	270	3.68590298861305	FALSE
15	30	SCAF_15	19570752	20144962	19857857	0.511235483145083	0.000766025906305077	stip1,LOC140361021,akap10,LOC140361023,abr,specc1,LOC140361033,zswim7,ncor1,fam222ba,eral1,LOC140361041,dhrs11a,pigw,myo19,gusb,ca4a	-1.4749716949847	0.5	38	3.08510909216493	FALSE
15	31	SCAF_15	20151644	20985741	20568692.5	0.622949398912556	0.0010760003562367	mtmr4,hpda,rnf43,tspoap1,srrm3,mlxipl,dhx33,p2rx1,camkk1a,atp2a3,zzef1,cyb5d2,ankfy1,spns2,ruvbl2,ftr82,cltca,rnft1,med13a	-0.422275372375086	0.6	145	3.50292622822017	FALSE
15	32	SCAF_15	20986123	21915643	21450883	0.699696450382217	0.000361998430881901	auts2a,cxadr,ripk4,prdm15,zbtb21,umodl1,mogat2,dgat2,uvrag,LOC140361102,stt3a,LOC140361105,slc37a4b,dscama,samsn1b,nrip1b	0.296600861446421	0.65	223	3.63025993962302	FALSE
15	33	SCAF_15	21923587	22764070	22343828.5	0.539270649015447	0.00082051166336609	nrip1b,sptbn4a,slc8a2a,LOC140361130,exoc3l2a,capns1a,LOC140361141,kptn,arhgap32b,LOC140361147,igsf9bb,cfap58,LOC140361153,LOC140361151,LOC140361152,cblb,alcama	-1.20933489370218	0.5	38	3.08510909216493	FALSE
15	34	SCAF_15	22779327	23703978	23241652.5	0.74510766145076	0.000505302551923634	alcama,LOC140360370,zpld1a,picalma,sytl2a,dlg2,bbx,jhy	0.725238086661212	0.7	270	3.68590298861305	FALSE
15	35	SCAF_15	23704072	24381066	24042569	0.660041996267341	0.000511416377512374	ntm,opcml	-0.0812661696659509	0.65	223	3.63025993962302	FALSE
15	36	SCAF_15	24381544	25309776	24845660	0.707894050788663	0.000460190734178767	opcml,pknox2,robo4,robo3,esama,fez1	0.373164935977643	0.7	270	3.68590298861305	FALSE
15	37	SCAF_15	25316791	26228294	25772542.5	0.719784646649408	0.000678558666818772	LOC140361184,LOC140360403,smfn,LOC140361186	0.481410515693984	0.7	270	3.68590298861305	FALSE
15	38	SCAF_15	26228805	27218865	26723835	0.706709524309821	0.000520565944423588	clmpa,LOC140361187,LOC140361190,LOC140361193,LOC140361210,LOC140361201,LOC140361203,LOC140360242,LOC140361208,LOC140360243,LOC140360405,LOC140360406,ap2b1,orai2,usp28	0.36092923866611	0.7	270	3.68590298861305	FALSE
15	39	SCAF_15	27241700	28020238	27630969	0.745345812106306	0.000439162282128541	LOC140361199,zbtb16a,ncam1a	0.729668433644331	0.7	270	3.68590298861305	FALSE
15	40	SCAF_15	28026902	28204323	28115612.5	0.451808032803659	0.00105595446072543	ncam1a,LOC140361213,LOC140360247,LOC140360248	-2.00653913477685	0.45	31	3.01821727293924	FALSE
15	41	SCAF_15	28204335	28378520	28291427.5	0.354271891969268	0.00100474193871911	LOC140360248,LOC140360249	-2.91563110739784	0.35	8	2.54368881914556	FALSE
15	42	SCAF_15	28396966	28766849	28581907.5	0.441621688096478	0.000360045017277291	LOC140361217	-2.16637066946927	0.4	12	2.69175538018399	FALSE
15	43	SCAF_15	28771190	29724664	29247927	0.694850989359667	0.000675541760824188	LOC140360408	0.246861604618491	0.65	223	3.63025993962302	FALSE
15	44	SCAF_15	29725006	31287058	30506032	0.7210761076643	0.000814212465281895	tecta,LOC140361222,plekhb1,clip2,gtf2ird1,dtx2	0.490624123053586	0.7	270	3.68590298861305	FALSE
15	45	SCAF_15	31288832	32105331	31697081.5	0.638252969545739	0.000775233048331966	tmem132e,LOC140360252,hlcs,trim37,ppm1e	-0.284444785650476	0.6	145	3.50292622822017	FALSE
15	46	SCAF_15	32113362	33266579	32689970.5	0.767432263274728	0.000691591226797233	ppm1e,smg8,ccdc15,vps26c,ttc3,slc37a2,pou2f3,psmg1,mybbp1a,pom121,kcnj6,LOC140360254,LOC140361236,bckdk,lrwd1,alkbh4,LOC140361257,mcama,lig3,tmem248,doc2b	0.929155038097212	0.75	143	3.49876676547149	FALSE
15	47	SCAF_15	33266776	34660596	33963686	0.638975045066006	0.00044062652402143	doc2b,castor2,arhgef12b,emsy,lrrc32,LOC140361268	-0.281849496729049	0.6	145	3.50292622822017	FALSE
16	0	SCAF_16	21258	2734483	1377870.5	0.751876718305567	0.000609724279020811	btd,LOC140361563,LOC140361565,tbc1d5,satb1a,kcnh8,gpnmb,igf2bp3,npy,pals2b,ago2,ppp1r9a	0.785737841873482	0.75	143	3.49876676547149	FALSE
16	1	SCAF_16	2737471	4647032	3692251.5	0.659133555805201	0.000613754622069769	ppp1r9a,sgce,casd1,col1a2,vps50,calcr,tfpi2,LOC140361581,LOC140361583,sema4ab,ilf2,LOC140361588,chtopa,snx13,abcf1,ppp1r10,LOC140361375,LOC140361377,scin,tmem106bb	-0.0894665717613456	0.65	223	3.63025993962302	FALSE
16	2	SCAF_16	4651400	5796201	5223800.5	0.693644196533569	0.000568833386417032	tmem106bb,thsd7aa,nxph1,phf14,glcci1a,umad1,c1galt1a,tac1,asns,anln,matcap2	0.23662674547069	0.65	223	3.63025993962302	FALSE
16	3	SCAF_16	5796396	6835941	6316168.5	0.688984306032384	0.000533884502380278	eepd1,LOC140361618,lrrc3b,oxsm,ngly1,top2b,LOC140361615,thrb,nr1d2b,rpl15,LOC140361619,LOC140361624	0.192872391713028	0.65	223	3.63025993962302	FALSE
16	4	SCAF_16	6838621	7838986	7338803.5	0.717788020351113	0.000576461482078295	LOC140361624,sf3a3,maneal,LOC140361381,LOC140361382,foxo6b,oprd1a	0.464730454331513	0.7	270	3.68590298861305	FALSE
16	5	SCAF_16	7849225	8716963	8283094	0.617415795871836	0.000702244751134506	phactr4a,hivep3a,pkib,LOC140361637	-0.48119620805971	0.6	145	3.50292622822017	FALSE
16	6	SCAF_16	8718146	10280139	9499142.5	0.491330846176949	0.000834400065646281	gmeb1,LOC140362285,bag6l,LOC140361643,atat1,pag1,znf704,tpd52,zbtb10,stmn2b,ripor2	-1.65655170194196	0.45	31	3.01821727293924	FALSE
16	7	SCAF_16	10282215	10846383	10564299	0.615182338325135	0.000528638511224325	ripor2,cunh6orf62,acot13,tdp2b,tmem64,necab1,pip4p2,nup153,cap2,LOC140361672,LOC140361678,azin1b,spire1a,klhl38a,fam91a1,triqk	-0.506082402046581	0.6	145	3.50292622822017	FALSE
16	8	SCAF_16	10849570	11447432	11148501	0.746801249030627	0.000580156963827374	runx1t1,LOC140361696,tinagl1,cfap300,LOC140361702,LOC140361707,LOC140361708,susd5,fbxl2,clasp2,ubp1,pdcd6ip,arpp21,snrnp40,pum1,gpr3,sdc3,yrk,ahdc1	0.738813822412447	0.7	270	3.68590298861305	FALSE
16	9	SCAF_16	11448530	12140595	11794562.5	0.651389351135596	0.000933578496177999	ahdc1,gpr3,wasf2,sytl1,elmo1,rp9,poc1bl,galnt12,gabbr2,elp2,ctnnal1,abitram,LOC140361752,cpne4b,mrpl3,cspg5b,aste1b,hycc1,tomm7,rapgef5a	-0.160270154816252	0.65	223	3.63025993962302	FALSE
16	10	SCAF_16	12141117	12651006	12396061.5	0.643962617720638	0.00061891102002001	LOC140361408,cdca7b,sp4,LOC140361410,gatad2b,rims3,smap2,col8a2,ptp4a2b	-0.232556186510538	0.6	145	3.50292622822017	FALSE
16	11	SCAF_16	12664518	13294940	12979729	0.737151438286157	0.000378341181601055	adgrb2,col16a1,col9a2	0.653543509533817	0.7	270	3.68590298861305	FALSE
16	12	SCAF_16	13315468	13950829	13633148.5	0.604996582357357	0.000741812833844846	csmd2,dlgap3	-0.596874736655553	0.6	145	3.50292622822017	FALSE
16	13	SCAF_16	13965706	15408516	14687111	0.709348926201621	0.000471795989721596	dlgap3,LOC140361785,fam49al,trit1,myclb,nhsl3,slc6a19a.2,fhod3a,sh3bp5a,LOC140361810,abhd5b,LOC140361821,LOC140361827,adcy2b,nsun2,lpcat1,nrsn1l	0.386784466818649	0.7	270	3.68590298861305	FALSE
16	14	SCAF_16	15409311	16256455	15832883	0.647240369495705	0.000704667558125627	e2f3,maco1a,ldlrap1a,fndc5b,eif3i,kpna6,LOC140362313,LOC140362314	-0.200871602138255	0.6	145	3.50292622822017	FALSE
16	15	SCAF_16	16264258	17178785	16721521.5	0.693241236621389	0.000666431037522298	LOC140362291,khdrbs1b,LOC140361854,LOC140361846,nt5c1aa,LOC140361425,slc66a2,kcng2,ctdp1,adck5,LOC140362318,LOC140361427,parp10,LOC140361857,LOC140361861	0.231808152222452	0.65	223	3.63025993962302	FALSE
16	16	SCAF_16	17178786	17822108	17500447	0.603368957977144	0.000791171351715617	LOC140361861,fam135b,LOC140361863,col22a1,kcnk9,trappc9	-0.610819671840076	0.6	145	3.50292622822017	FALSE
16	17	SCAF_16	17823049	18405428	18114238.5	0.622761655721503	0.000590484171756601	trappc9,tpbg1b,LOC140362320,arid1ab,tbxta,LOC140361877,LOC140361880,rftn1a	-0.433096729867032	0.6	145	3.50292622822017	FALSE
16	18	SCAF_16	18411901	18891771	18651836	0.617608447600315	0.000834231251222892	wipf3,LOC140361887,npvf,nfe2l3,LOC140361432,hoxa4a,hoxa11a,LOC140361894,evx1,hibadha	-0.47661536876368	0.6	145	3.50292622822017	FALSE
16	19	SCAF_16	18892262	19893214	19392738	0.717291987118335	0.000585216958223445	hibadha,tax1bp1a,LOC140361898,LOC140361899,LOC140361901,epb41a,tmem200b,tnfa,LOC140361907,LOC140362325,sh3bp5lb,gtf2h4,mgat1b,vars2,ppp1r11,sacm1la,atxn1a	0.459862637889863	0.7	270	3.68590298861305	FALSE
16	20	SCAF_16	19896992	20798606	20347799	0.768177019817686	0.000385269820018356	atxn1a,mylipa,dtnbp1b,jarid2b,pard6gb,bloc1s4,rrm2b,mtdha,laptm4b,rpl30,LOC140362326,LOC140361952,spag1a,LOC140361941,ptpn2b,LOC140361946,grhl2b,znf706,LOC140361943,LOC140361942,LOC140361947,LOC140361936,LOC140362327,LOC140361940	0.949098184792242	0.75	143	3.49876676547149	FALSE
16	21	SCAF_16	20813687	21576420	21195053.5	0.678790526639296	0.000498734622801905	LOC140361954,trps1	0.0964990001460227	0.65	223	3.63025993962302	FALSE
16	22	SCAF_16	21607943	22669250	22138596.5	0.577317699900874	0.000886265054507678	clptm1l,ptk2aa,rplp1,LOC140361959,slc45a4a,dgat1a,LOC140361968,cndp2,LOC140361977,krit1,LOC140361449,prcc,mrpl24,LOC140361513,LOC140361989,LOC140361450,kmt2ba,ndufv1,hcn3,LOC140361997,znf687b,aqp10b,ubap2l,tuft1b	-0.851164207057478	0.55	91	3.36155570775314	FALSE
16	23	SCAF_16	22671725	23380042	23025883.5	0.716009307784133	0.000605851050261713	tuft1b,cgnb,LOC140362008,s100s,s100a11,pbxip1a,LOC140362010,efna3a,LOC140362014,trim46b,snx27a,chrna11,LOC140362021	0.447332992534366	0.7	270	3.68590298861305	FALSE
16	24	SCAF_16	23392609	24308621	23850615	0.766141887659032	0.000449759641881643	lrrc71,ash1l,rnf115b,scamp3,crabp2b,LOC140362035,LOC140362031,clk2a,LOC140362041,LOC140362040,rbms3	0.926985379482047	0.75	143	3.49876676547149	FALSE
16	25	SCAF_16	24308743	25335426	24822084.5	0.725377606958056	0.000643627152689552	rbms3,LOC140362046,LOC140362047,LOC140362048,LOC140361462,LOC140362067,cdcp1b,LOC140361463,nrm,LOC140361517,sfpq,lypla2,pithd1,eloa,klhl43,LOC140362061,LOC140362059,pleca,eif3eb	0.53485795891079	0.7	270	3.68590298861305	FALSE
16	26	SCAF_16	25345040	25615082	25480061	0.671904407054337	0.000707603440646044	trhrb,nudcd1,LOC140361466,LOC140361518,LOC140361519,LOC140362075,LOC140362294,gdf6b,LOC140361520	0.0309019512066897	0.65	223	3.63025993962302	FALSE
16	27	SCAF_16	25615823	26149981	25882902	0.717087062190804	0.000290504335506441	LOC140361520,msto1,LOC140362077,LOC140362078,LOC140362079,kdm1b,LOC140362081,LOC140362083,ints8,apoea,LOC140361470,LOC140362085,tomm40l,ddx61,slc9a3.2,ago3b,tekt2,naxe,scn1bb,zbtb22a,galr1a	0.464070728607023	0.7	270	3.68590298861305	FALSE
16	28	SCAF_16	26152208	26836901	26494554.5	0.708347822151316	0.000540663167512931	sall3b,atp9b,nfatc1,slc52a3-2a,cratb,LOC140361522,csnk2b,prrc2a,neu1,tmem268,prrt1,skic2,ehmt2,slc44a4,rnf5,rad21b,LOC140361478	0.376112535071123	0.7	270	3.68590298861305	FALSE
16	29	SCAF_16	26837246	27673063	27255154.5	0.762304925585097	0.000423706562990394	LOC140361478,med30,ext1b,samd12,angpt1	0.891565005336592	0.75	143	3.49876676547149	FALSE
16	30	SCAF_16	27674491	28508873	28091682	0.732705304000278	0.000340792396780759	sdc2,LOC140362135,ext1c,LOC140362139,LOC140362145,bmp8a,LOC140362141	0.612192097917118	0.7	270	3.68590298861305	FALSE
16	31	SCAF_16	28524786	28956827	28740806.5	0.677170989244407	0.000696362012395796	cica,erf,pou2f2a,LOC140362148,LOC140362147	0.0804275803206841	0.65	223	3.63025993962302	FALSE
16	32	SCAF_16	28960682	29395112	29177897	0.626774379836766	0.000815533331915456	LOC140362147,pvrl2l	-0.391287655084573	0.6	145	3.50292622822017	FALSE
16	33	SCAF_16	29395346	29674391	29534868.5	0.494671199667295	0.00080161872762965	pvrl2l,tcf19l	-1.62767038252716	0.45	31	3.01821727293924	FALSE
16	34	SCAF_16	29674395	29899119	29786757	0.407891169211425	0.00083726784027461	LOC140361527,LOC140362152,flot1a,znf384a,daxx,tapbp.1,LOC140362161,psmb8a,psmb13a,brd2a,hsd17b8,col11a2	-2.43590838301459	0.4	12	2.69175538018399	FALSE
16	35	SCAF_16	29899489	30237059	30068274	0.562994195874802	0.000868894743767909	col11a2,rxrba,slc39a7,LOC140362174,LOC140361531,LOC140361489,LOC140362175,necap1,LOC140362177,tmem238a,ccdc106b,cnot3b	-0.985445419676441	0.55	91	3.36155570775314	FALSE
16	36	SCAF_16	30249153	30579176	30414164.5	0.639710463083564	0.000685667552694537	shisa7b,znf865,dbpa,grin2da	-0.271861237821737	0.6	145	3.50292622822017	FALSE
16	37	SCAF_16	30587418	31089869	30838643.5	0.654494432810542	0.000722893894261645	grin2da,cacng7a,cacng8a,LOC140362187	-0.132595677143332	0.65	223	3.63025993962302	FALSE
16	38	SCAF_16	31097037	31722437	31409737	0.708857953326963	0.000627405358586263	LOC140362188,LOC140362189,LOC140362191,styk1a,LOC140362192,LOC140362194,LOC140362195,LOC140362197,LOC140362199,LOC140362198,prdm1b,crybg2	0.379469606533658	0.7	270	3.68590298861305	FALSE
16	39	SCAF_16	31729699	32296407	32013053	0.687403996577252	0.000534288817215506	crybg2,LOC140362203	0.177905111353132	0.65	223	3.63025993962302	FALSE
16	40	SCAF_16	32305063	32820745	32562904	0.684731088629861	0.000561883524088973	LOC140362203,ago4,LOC140361537,LOC140362206	0.152407204465352	0.65	223	3.63025993962302	FALSE
16	41	SCAF_16	32827036	33629160	33228098	0.762005851438775	0.000473864263563476	tfap2e,kiaa0319l,LOC140362208,LOC140362209,LOC140362212,meaf6,stpg1,LOC140362214,thrap3b,eva1bb,nedd9,tmem170b,hivep1,LOC140361541,LOC140362220,LOC140361542,LOC140362221	0.886707451780661	0.75	143	3.49876676547149	FALSE
16	42	SCAF_16	33630904	34839807	34235355.5	0.704858177239602	0.000723048924215312	LOC140362222,LOC140361545,LOC140362224,gnb3b,LOC140362226,LOC140362227,LOC140362228,atf6b,LOC140361547,LOC140362229,rps18,LOC140362230,LOC140361550,LOC140362235	0.340309263649124	0.7	270	3.68590298861305	FALSE
17	0	SCAF_17	13076	833793	423434.5	0.652985961183487	0.000474922933309082	bsna,LOC140362539,mtcl2,tmem81,LOC140362595,prdm16	-0.148391105670391	0.65	223	3.63025993962302	FALSE
17	1	SCAF_17	835975	1323139	1079557	0.685173872905879	0.000754081818250128	prdm16,LOC140362382	0.155265884096653	0.65	223	3.63025993962302	FALSE
17	2	SCAF_17	1323756	1960267	1642011.5	0.686809844344285	0.000596462766231789	LOC140362382,rer1,LOC140362599,tp73,wrap73,LOC140362508,LOC140362383,ccm2l,xkr7b,tcea2,rgs19,LOC140362545	0.171800958204494	0.65	223	3.63025993962302	FALSE
17	3	SCAF_17	1968906	2938609	2453757.5	0.688690516217278	0.000651017724717328	oprl1,LOC140362611,cables2b,LOC140362614,LOC140362615,tmem51a,kazna	0.189100054376995	0.65	223	3.63025993962302	FALSE
17	4	SCAF_17	2946756	3933189	3439972.5	0.737811386268413	0.000504437106993766	kazna,prdm2a,LOC140362621,rimkla,zmynd12,ccdc30,errfi1b,emc1,ubr4,tas1r1,lama5,LOC140362554,LOC140362631,commd7,LOC140362641	0.656085992411685	0.7	270	3.68590298861305	FALSE
17	5	SCAF_17	3947214	5548734	4747974	0.689654149332541	0.000448609867977873	LOC140362641,srms,ptk6b,LOC140362555,ppdpfb,tpd52l2b,trim101,LOC140362639,kiaa1755,kif5aa,mbd6,LOC140362653,ndufa4l2a,bpifcl,LOC140362556,gnas,LOC140362655,l3mbtl1,sgk2a,vwa5b1,cptp,ints11,LOC140362391,acap3a,c1qtnf12,syt6a,klhl21,plekhg5b	0.199981177532106	0.65	223	3.63025993962302	FALSE
17	6	SCAF_17	5560084	7107359	6333721.5	0.710657334111554	0.000599593553698636	plekhg5b,LOC140362690,irx7,cd40,LOC140362685,bcas1,znf217,tshz2,zfp64,sall4,atp9a,nfatc2a,src,mical1,LOC140362514,camk1gb	0.396928169835091	0.7	270	3.68590298861305	FALSE
17	7	SCAF_17	7110439	7711143	7410791	0.742776923407343	0.000667567194563863	taf8,atp6ap1b,gdi1,itih6,LOC140362712,ada,pkig,LOC140362516,LOC140362518,LOC140362519,LOC140362520,LOC140362521,hnf4a,gdap1l1,jph2,LOC140362706,LOC140362721,pmelb,sarnp,kansl2,nckap5l	0.698067073782532	0.7	270	3.68590298861305	FALSE
17	8	SCAF_17	7713434	8342879	8028156.5	0.701429196360915	0.000915770672003217	nckap5l,ctdsp2,LOC140362730,tspan31,agap2,zbtb39,gpr182,pip4k2ca,igfbp6b,spryd3,lima1a,LOC140362739,LOC140362565,fam120c,LOC140362567,pigt,LOC140362568,ppih,arhgef16,LOC140362746,espn	0.305527115889748	0.7	270	3.68590298861305	FALSE
17	9	SCAF_17	8345056	9130594	8737825	0.721858603752156	0.000555080659316127	espn,gpr153,fgd,LOC140362750,ptpdc1b,wnt7ab,LOC140362755,iqsec1a,vgll4a,raf1a,syn2a,tnnc1a,spo11,irf10,LOC140362773,mtg2,LOC140362777	0.503682908666938	0.7	270	3.68590298861305	FALSE
17	10	SCAF_17	9130940	9685716	9408328	0.676285048879511	0.000636388487298633	LOC140362777,lsm14b,LOC140362778	0.0722908316352122	0.65	223	3.63025993962302	FALSE
17	11	SCAF_17	9707827	10364379	10036103	0.761153729915763	0.000458229323570659	LOC140362787,LOC140362789,dnmt3ba,LOC140362788,LOC140362792,ythdf1,LOC140362795,uckl1a,samd10a,snpha,mfsd2al2,prickle3,sypb,LOC140362574,magixb,iqsec2b,kdm5c,LOC140362828,wasb,LOC140362815,LOC140362832,slc38a5b,apex2,LOC140362826	0.879236701521194	0.75	143	3.49876676547149	FALSE
17	12	SCAF_17	10376795	10819399	10598097	0.735472725939131	0.000552467608289818	nt5dc2,LOC140362829,mxra8b,LOC140362836,tnfrsf9a,ccdc187,camta1a	0.632547578668464	0.7	270	3.68590298861305	FALSE
17	13	SCAF_17	10819640	11504847	11162243.5	0.607652503968498	0.000690125661471352	camta1a,dnajc11a,LOC140362843,LOC140362844,mfsd4ab,lemd1,pm20d1.2,LOC140362847,LOC140362849,LOC140362850,nfascb,LOC140362868,frmd4bb,LOC140362861,LOC140362862,guca1b,LOC140362870,oard1,LOC140362576,LOC140362874	-0.573262392724802	0.6	145	3.50292622822017	FALSE
17	14	SCAF_17	11506615	12531390	12019002.5	0.689437220383559	0.000541203668673434	LOC140362874,pacsin1a,LOC140362879,bltp3a,LOC140362882,LOC140362578,scube3,LOC140362888,dlgap4a,map3k12,LOC140362896,LOC140362897,LOC140362898,adcy6a,LOC140362901,LOC140362903,LOC140362579,LOC140362916	0.19709640528055	0.65	223	3.63025993962302	FALSE
17	15	SCAF_17	12561920	13480788	13021354	0.54138622711859	0.000753038923040819	kdm5bb,LOC140362914,peds1,scrt2,LOC140362525,slc13a3,ocstamp,spats2,ormdl2,letmd1,gtsf1,dgkaa,ankrd52a,coq10a,cs,LOC140362940,LOC140362944,bin2a,pou6f1,tfcp2,csrnp2,itga5,rapgef3	-1.1930786383911	0.5	38	3.08510909216493	FALSE
17	16	SCAF_17	13486440	13923332	13704886	0.602670287623679	0.000601939959709564	rapgef3,LOC140362410,plxna2	-0.622544291103913	0.6	145	3.50292622822017	FALSE
17	17	SCAF_17	13924123	14637144	14280633.5	0.569514322958107	0.000722480383394672	plxna2,cd34,LOC140362956,LOC140362581,LOC140362955,ptpn22,magi3a	-0.930561878420557	0.55	91	3.36155570775314	FALSE
17	18	SCAF_17	14638218	15341530	14989874	0.718321381476181	0.000567573740931543	magi3a,tmem269,hspg2,agmat,LOC140362415,LOC140362585,LOC140362587,fam43b,LOC140362974	0.469957854114219	0.7	270	3.68590298861305	FALSE
17	19	SCAF_17	15344541	16467136	15905838.5	0.671396446471196	0.000792405640522598	dcp1a,cacna1db,chdh,actr8,LOC140363575,LOC140362981,rcc2,vps13d,ephb2a,LOC140362989,LOC140362990,LOC140362991,asxl1,efhd2,LOC140362998,LOC140362418,LOC140362999,nadka,gnb1a,cfap74	0.026031798060767	0.65	223	3.63025993962302	FALSE
17	20	SCAF_17	16479688	17007060	16743374	0.666356606701029	0.000861638336651006	cfap74,gabrd,ajap1	-0.0210832543816882	0.65	223	3.63025993962302	FALSE
17	21	SCAF_17	17010180	17155255	17082717.5	0.879193170719992	0.000121227100989129	""	2.03191779844099	0.85	3	2.15785653159225	FALSE
17	22	SCAF_17	17157273	17601034	17379153.5	0.596942916100447	0.000674127158438098	nphp4,LOC140363577	-0.674446467485792	0.55	91	3.36155570775314	FALSE
17	23	SCAF_17	17626450	19285084	18455767	0.562889808952428	0.000539402544137615	LOC140363577,LOC140363019,plod1a,kiaa2013,LOC140362422,mthfr,LOC140363018,rtel1,ndufb11,gon4lb,LOC140363023,LOC140362427,LOC140363038,lrrc47,cep104,cunh1orf174,stk38a,LOC140363582	-1.00087724480847	0.55	91	3.36155570775314	FALSE
17	24	SCAF_17	19313363	20522913	19918138	0.475861391800838	0.00164760482537209	skia,LOC140363035,renbp,LOC140362429,LOC140362530,dennd2da,celsr3,dalrd3,impdh2,arih2	-1.74037344252186	0.45	31	3.01821727293924	FALSE
17	25	SCAF_17	20523377	21599062	21061219.5	0.772003974181701	0.000426349869615195	arih2,sema3h,LOC140363055,mgll,prkar2aa,LOC140362433,amt,LOC140363061,LOC140363062,sema3b,cdk16,rad51c,grm6a,LOC140363073,srpk3,plxnb3,ccdc120a,fgd1,irak1,LOC140363081,LOC140362438,cacna1fb,sypa,hdac6,LOC140363097	0.983745243240744	0.75	143	3.49876676547149	FALSE
17	26	SCAF_17	21618594	21999519	21809056.5	0.519440784999282	0.00111839452686911	LOC140363097,elk1,LOC140363090,LOC140362531,slc35a2,slc6a8,bcap31,plxna3,ptpn18,gripap1,kcnd1,LOC140362444,LOC140363588,LOC140363103	-1.37692559196097	0.5	38	3.08510909216493	FALSE
17	27	SCAF_17	21999573	22040463	22020018	0.243986857562228	3.92970846082669e-05	LOC140363103,LOC140363112	-4.11307206006077	0.2	2	1.98397151852355	FALSE
17	28	SCAF_17	22040475	22536122	22288298.5	0.536740884399047	0.00105339320770922	LOC140363104,itpr3,LOC140363110,LOC140363109,LOC140363113,LOC140363115,LOC140363119,LOC140363118,mad2l2,epha2b,fam131c,plekhm2,arhgef19,mib2	-1.22062542204928	0.5	38	3.08510909216493	FALSE
17	29	SCAF_17	22540573	23107683	22824128	0.588686771137908	0.00088427704915802	mib2,ubiad1,mmp23ba,cdk11b,smim1,LOC140363136,atp13a2,gss,arhgap4b,fam50a,LOC140363143,sars1,tns2a,LOC140363152,LOC140363161,plxnb1a,LOC140363160,LOC140363154,cpne9	-0.745235535439357	0.55	91	3.36155570775314	FALSE
17	30	SCAF_17	23108043	23549001	23328522	0.785102988213254	0.000419657298129447	cpne9,klf15,LOC140363593,LOC140363157,LOC140363158	1.10871895727467	0.75	143	3.49876676547149	FALSE
17	31	SCAF_17	23559140	24194301	23876720.5	0.656860437951897	0.000477785351853918	plxna1a,chchd6a,LOC140362453,hdac7a	-0.1115916669552	0.65	223	3.63025993962302	FALSE
17	32	SCAF_17	24218657	25301327	24759992	0.652603244693155	0.000530469655147261	hdac7a,LOC140363170,calcrl2,ctnnbl1,vstm2l,chrna4b,LOC140363183,prex1,ralgapb,csde1,ampd1,dennd2c,rnf223,ptpn11b,agrn	-0.151645523042608	0.65	223	3.63025993962302	FALSE
17	33	SCAF_17	25301575	25914719	25608147	0.693068092707551	0.000446348040135089	agrn,mtor,tafa5l,mapk13,nr1h5,slc66a1,trim33,otud3,tmem240a,sema3bl,LOC140363209	0.232456088123492	0.65	223	3.63025993962302	FALSE
17	34	SCAF_17	25914720	27183717	26549218.5	0.636784845780207	0.000749945094390799	LOC140363209,LOC140363216,LOC140363599,plxnd1,tmcc1a,nr2c2,LOC140363241,LOC140363243,LOC140363244,prickle2a,LOC140363239,ren,eif2d,LOC140363248,LOC140363250,slmapb,LOC140363259,LOC140363257,grip2a,LOC140363268,LOC140363269,LOC140363270,LOC140363272	-0.298529986505838	0.6	145	3.50292622822017	FALSE
17	35	SCAF_17	27185271	28057818	27621544.5	0.645210609093856	0.000770298879792846	LOC140363272,LOC140363274,asb14b,slc17a9b,LOC140363282,slc2a4rg,zbtb46,uckl1b,samd10b,prpf6,emilin3b,b4galt5,opn7b	-0.219311408427961	0.6	145	3.50292622822017	FALSE
17	36	SCAF_17	28059100	28800378	28429739	0.717562831763784	0.000672148103830586	opn7b,ncoa6,snai1b,samhd1,LOC140363316,LOC140363320,parapinopsina,ddx20,LOC140363605,kcnd3	0.460637852879229	0.7	270	3.68590298861305	FALSE
17	37	SCAF_17	28815315	29548082	29181698.5	0.76065117005251	0.000482187125148285	kcnd3,cttnbp2nlb,apeh,LOC140363606,cacna2d3a,atp6ap1lb,b4galt3,bgnb,usp21,arhgef3l,uba1,camkvl,LOC140363345,ngfa,LOC140363347	0.873517591580566	0.75	143	3.49876676547149	FALSE
17	38	SCAF_17	29549440	29983592	29766516	0.534249676511041	0.00129539656156404	kcna2b,pnpla1,lgr6,LOC140362474,tead3a,pkp1a,tnnt2a,nav1a,mybpha,LOC140363611,LOC140363613,fkbpl,wnt2bb,LOC140363368,LOC140363370,LOC140363369,LOC140363371	-1.23098830922688	0.5	38	3.08510909216493	FALSE
17	39	SCAF_17	29984488	30630441	30307464.5	0.635216519680567	0.000761055070093468	LOC140363371,cbx5,csad,znf740b,LOC140363377,LOC140363382,hoxc4a,hoxc13a,calcoco1a,rarga,nr1d4a,LOC140363394,senp1,LOC140363396,lrp1ab,fmnl3	-0.313085839695648	0.6	145	3.50292622822017	FALSE
17	40	SCAF_17	30675879	31782196	31229037.5	0.755626746480785	0.000520533260472937	lmbr1l,dhh,kmt2d,acvr1ba,acvrl1,arhgef25a,c1galt1la,znf385a,c1ql4a,LOC140363429,l1cama,wnk3,avpr2aa,ssr4,LOC140363446,LOC140363447,galnt6,adcy6b,LOC140363450,rnd1b,fignl2,rpl10a,scn8aa,LOC140362533,dip2ba,atf7a,LOC140363463,fance,ahcyl1	0.824407709923665	0.75	143	3.49876676547149	FALSE
17	41	SCAF_17	31789738	33086231	32437984.5	0.733597664414815	0.000463480551068685	hspa1b,kcnc4,slc6a17,slc16a4,LOC140363483,cpne5a,srpk1a,mapk14a,elapor1,cfap276,LOC140363498,atxn7l2b,gnat2,ampd2b,eps8l3b,traf3ip3,dnase1l1l,spsb1,ca6,eno1a,rerea,samd11,plekhn1,pik3cd	0.61727064856222	0.7	270	3.68590298861305	FALSE
17	42	SCAF_17	33119699	33954563	33537131	0.717124325561955	0.000433363856710768	ctnnbip1,clstn1,ube4b,kif1b,casz1,pex14,srm,exosc10,LOC140363551	0.461416193952545	0.7	270	3.68590298861305	FALSE
17	43	SCAF_17	33962722	34835659	34399190.5	0.697023675168836	0.000544235846091847	LOC140363551,LOC140363553,LOC140363552,fam217ba,phactr3a,LOC140363557,LOC140362536,LOC140363558,ndnl2	0.268872968188906	0.65	223	3.63025993962302	FALSE
18	0	SCAF_18	35909	4219929	2127919	0.563126850116007	0.000848729737881689	galnt11,LOC140364902,LOC140364903,LOC140364276,ubr2,zbtb14,LOC140364864,rmc1,LOC140364283,riok3,LOC140364906,LOC140364907,LOC140364286,LOC140364908,dnah5l,sugct,ssr1,xrcc2,LOC140364296,LOC140364914,LOC140364877,LOC140364866,acot9.1,LOC140364297,apoob,klhl15,eif2s3,tnfsf10,LOC140364869,vipr2	-0.985072703619872	0.55	91	3.36155570775314	FALSE
18	1	SCAF_18	4241673	5018717	4630195	0.630921644021267	0.000814647686852807	LOC140364303,LOC140364305,LOC140364306,LOC140364307,LOC140364917,LOC140364872,LOC140364310,avl9,kbtbd2,LOC140364314,buc2l,LOC140364316	-0.352517250062425	0.6	145	3.50292622822017	FALSE
18	2	SCAF_18	5019455	5566897	5293176	0.670672131843658	0.000511369741178472	LOC140364925,drosha,LOC140364317	0.019492878093498	0.65	223	3.63025993962302	FALSE
18	3	SCAF_18	5588959	6263066	5926012.5	0.717465568207458	0.000601786475291094	LOC140364320	0.461161646252423	0.7	270	3.68590298861305	FALSE
18	4	SCAF_18	6275225	6635887	6455556	0.779115248582081	0.000327377638298005	LOC140364927,cdh10a	1.05615187780666	0.75	143	3.49876676547149	FALSE
18	5	SCAF_18	6651121	7047493	6849307	0.772739805378605	0.000455912885497084	cdh10a	0.989423491338422	0.75	143	3.49876676547149	FALSE
18	6	SCAF_18	7049959	7692091	7371025	0.748477682144611	0.00046652852682131	LOC140364321,LOC140364358	0.7585130725782	0.7	270	3.68590298861305	FALSE
18	7	SCAF_18	7707097	8173233	7940165	0.657472953938008	0.000568461313620422	LOC140364358	-0.105347527214576	0.65	223	3.63025993962302	FALSE
18	8	SCAF_18	8178129	9142666	8660397.5	0.71456756620972	0.00066830714150422	LOC140364936,LOC140364359,LOC140364937,LOC140364939,LOC140364361,LOC140364364,mynn,pld1b,LOC140364367,LOC140364375,LOC140364368,LOC140364916,LOC140364369,ezh2,LOC140364371,LOC140364374	0.432523245250111	0.7	270	3.68590298861305	FALSE
18	9	SCAF_18	9148072	9918646	9533359	0.753228399575269	0.000491388419216234	eif1axb,LOC140364379,LOC140364377,lipib,LOC140364948,snx16,LOC140364381,LOC140364384,LOC140364383,LOC140364386,idi1,wdr37,adarb2	0.802734803920288	0.75	143	3.49876676547149	FALSE
18	10	SCAF_18	9920183	10553055	10236619	0.704490295030249	0.000522024174980154	pfkpa,klf6a	0.339880404527274	0.7	270	3.68590298861305	FALSE
18	11	SCAF_18	10553495	11619839	11086667	0.700208370563731	0.00044339398288364	LOC140364398,LOC140364399,sh3kbp1,LOC140364404,LOC140364392,psme1,LOC140364934,dcaf11,LOC140364409	0.300374860973189	0.7	270	3.68590298861305	FALSE
18	12	SCAF_18	11676728	12482076	12079402	0.702318061806219	0.000523865779182509	LOC140364411,LOC140364410,nsmaf,rbbp8,slc22a17,nrros,LOC140364420,LOC140364421,ntng1a	0.3192740506574	0.7	270	3.68590298861305	FALSE
18	13	SCAF_18	12489801	13372039	12930920	0.730114874287247	0.000530663443112709	rnpc3,col11a1a,olfm3a,tecrl2a,LOC140364429,arhgap29a,prkdc,garem,LOC140364438,LOC140364441,pigm,LOC140364446,LOC140364447,chrnd,LOC140364887,LOC140364444	0.582424597929606	0.7	270	3.68590298861305	FALSE
18	14	SCAF_18	13372849	14077475	13725162	0.499141032902281	0.00142211088519633	LOC140364444,LOC140364960,LOC140364961,LOC140364962,fen1,tm9sf1,ipo4,pdcd6,bmp6,eef1e1	-1.54444356322699	0.45	31	3.01821727293924	FALSE
18	15	SCAF_18	14078239	14930694	14504466.5	0.624850790413091	0.000900384922099542	ofcc1,tfap2a,phldb2b,tlcd4a,bco1,zc2hc1a,ctnnd2a,ankrd33ba,ropn1l,nup58	-0.407766373283177	0.6	145	3.50292622822017	FALSE
18	16	SCAF_18	15046986	15853135	15450060.5	0.756515541905924	0.000569714603662728	zfhx4,pex2,pmfbp1,hnf4g,pign,relch,LOC140364496,tpk1,cntnap2a	0.830996392999026	0.75	143	3.49876676547149	FALSE
18	17	SCAF_18	15856714	16494042	16175378	0.787170122534198	0.000404479758724205	cntnap2a,msrb2,pip4k2aa,commd3,mllt10,skida1,LOC140364528,pdia4,ppp1r16a,shrprbck1r,myripb,LOC140364973,hgd,arxa,pola1,pdk3a,slc51a,LOC140364524,mtrr,sema5a	1.12917034709718	0.75	143	3.49876676547149	FALSE
18	18	SCAF_18	16495300	17169576	16832438	0.697744808137671	0.000585332765201843	sema5a,LOC140364975,neto1l,fbxo15,cbln2b,socs6a,rttn,cd226,dok6	0.275192167862994	0.65	223	3.63025993962302	FALSE
18	19	SCAF_18	17179364	18134244	17656804	0.558948356289557	0.00053340470502659	pi15a,jph1a,ube2wb,stau2,rdh10a,LOC140364551,LOC140364552,LOC140364553,eya1,xkr9,tram1,ncoa2,sulf1,cunh8orf34,prex2,arfgef1,mcmdc2,sgk3,LOC140364573,crhb,pde7a,armc1	-1.03846902994588	0.55	91	3.36155570775314	FALSE
18	20	SCAF_18	18143742	18506759	18325250.5	0.496147027479968	0.000918988051188527	ythdf3,abhd10b,tagln3b,spata13,LOC140364327,flt1,pan3,pdx1,lnx2a,gtf3ab,cdk8,rnf6,atp8a2,shisa2b,spice1,boc,gramd1c	-1.60563099956479	0.45	31	3.01821727293924	FALSE
18	21	SCAF_18	18512658	19086623	18799640.5	0.531267511052889	0.000586695435475858	zdhhc23b,ccdc191,qtrt2,drd3,mix23,nktr,vipr1b,zbtb47b,LOC140364630,LOC140364628,ctdspla,vill,LOC140364331,map3k22,cry-dash,myd88,oxsr1b,LOC140364639,LOC140364640,LOC140364332	-1.2974901537273	0.5	38	3.08510909216493	FALSE
18	22	SCAF_18	19087899	19734625	19411262	0.712627790102872	0.000512628361870094	csrnp1b,LOC140364644,nck1b,gyg1b,agtr1b,LOC140364988,plod2	0.417151833021821	0.7	270	3.68590298861305	FALSE
18	23	SCAF_18	19735300	20486530	20110915	0.689016827587219	0.000566272521859814	LOC140364334,dipk2ab,pcolce2b,u2surp,LOC140364669,LOC140364662,LOC140364663,LOC140364667,LOC140364990	0.192900450709196	0.65	223	3.63025993962302	FALSE
18	24	SCAF_18	20496931	21422942	20959936.5	0.561056133523926	0.000891914499235947	htr5ab,insig1,en2a,rbm33a,shha,lmbr1,mnx1,dnajb6b,ptprn2,esyt2b,dync2i1,malrd1,plxdc2b,arl8,cacnb2a,LOC140364697,LOC140364701,LOC140364705,adcyap1a,LOC140364710,myom1b,LOC140364717	-1.00252355235971	0.55	91	3.36155570775314	FALSE
18	25	SCAF_18	21423036	22243907	21833471.5	0.614835269390558	0.000802143209710947	LOC140364719,vps41,pou6f2,LOC140364727,myca,fam49bb,asap1b,smarcd3b,LOC140364737,slc4a2b,nrbp2b,LOC140364743,scrib,tmem108,topbp1,LOC140364748	-0.503233620746197	0.6	145	3.50292622822017	FALSE
18	26	SCAF_18	22245483	22876709	22561096	0.696557681658553	0.000714168105421144	LOC140364748,anxa13,myo3a,gad2,nell3,apbb1ip,abi1a,acbd5a,LOC140364759,LOC140364337,fasn2,LOC140364760,LOC140364765,LOC140364767,vopp1b,jcada,zcchc2,LOC140364774,LOC140364339,elp1,reck,tgfbr1b	0.262472288010442	0.65	223	3.63025993962302	FALSE
18	27	SCAF_18	22883447	23771685	23327566	0.73548672202547	0.000517348112221323	LOC140364779,LOC140364340,cdk13,LOC140364783,LOC140364792	0.633676823800655	0.7	270	3.68590298861305	FALSE
18	28	SCAF_18	23784673	24263080	24023876.5	0.80694914274869	0.000357644698212717	cdh7a,cdh19	1.32036318419137	0.8	28	2.98439383856425	FALSE
18	29	SCAF_18	24263237	24911067	24587152	0.765921376903378	0.00041690533666076	cdh19,LOC140364789,LOC140364797	0.926265125860154	0.75	143	3.49876676547149	FALSE
18	30	SCAF_18	24970320	25930265	25450292.5	0.833263366737764	0.000234171465531321	LOC140364797,pxdc1b,LOC140364795,prpf4bb,gli3,lztfl1,and1,arhgap21a,LOC140364808,enkur,LOC140364346,LOC140364812	1.58044084280334	0.8	28	2.98439383856425	FALSE
18	31	SCAF_18	25930282	26043355	25986818.5	0.494721011557112	0.000678571226747008	LOC140364812	-1.63604165326282	0.45	31	3.01821727293924	FALSE
18	32	SCAF_18	26043382	26491672	26267527	0.62494479740066	0.000989772186225519	LOC140364812	-0.405320933902201	0.6	145	3.50292622822017	FALSE
18	33	SCAF_18	26503369	27242516	26872942.5	0.704927930727631	0.000506831998010226	LOC140364814,LOC140364816,mkxa,mpp7a	0.344261413960197	0.7	270	3.68590298861305	FALSE
18	34	SCAF_18	27242969	29915518	28579243.5	0.6252278391623	0.000745020904760664	mpp7a,waca,ift74,LOC140364263,LOC140364821,aoc1,sspo	-0.407007346823319	0.6	145	3.50292622822017	FALSE
18	35	SCAF_18	29939466	31175146	30557306	0.782139779219446	0.00054362826045503	sspo,kcnh2b,hccsb,LOC140364826,LOC140364349,palmdb,LOC140364834,LOC140364835,plppr4b,plppr5b	1.07449851349461	0.75	143	3.49876676547149	FALSE
18	36	SCAF_18	31177905	31871420	31524662.5	0.604366950818695	0.000731151783206777	snx7	-0.603064975561337	0.6	145	3.50292622822017	FALSE
18	37	SCAF_18	31872041	32905644	32388842.5	0.76674103618676	0.000400891580284051	LOC140364896,ptbp2a,chchd7,plag1,steap2,alg14,cnn3a,f3a	0.934745995714162	0.75	143	3.49876676547149	FALSE
18	38	SCAF_18	32906676	33366334	33136505	0.652061497214235	0.000676853217844652	acp5b,abcd3a,LOC140364352,LOC140364353,itprid1,ppp1r17,LOC140364356,LOC140364269	-0.155757000159117	0.65	223	3.63025993962302	FALSE
18	39	SCAF_18	33368550	34303261	33835905.5	0.405578472690796	0.000644819975133258	LOC140364270,dtx3la,c1ql3a,rsu1,cubn,LOC140364850,LOC140364851	-2.47842063558753	0.4	12	2.69175538018399	FALSE
19	0	SCAF_19	86	1246656	623371	0.702417333676858	0.000563854844075845	rassf5,LOC140365158,il19l,prelp,fmoda,slc6a14,LOC140365162,elmo2,arfgap1,LOC140366099,sys1,LOC140366102,anxa6,mtss1,pcdh12,LOC140365168	0.319641438616469	0.7	270	3.68590298861305	FALSE
19	1	SCAF_19	1249696	2155515	1702605.5	0.743802397870323	0.000509239363556194	""	0.712736485424155	0.7	270	3.68590298861305	FALSE
19	2	SCAF_19	2155561	3135345	2645453	0.683065436017424	0.000538841322060037	tmed9,LOC140366108,ccdc69,nfasca,igfbp7,cox18,rnf4	0.136795820952202	0.65	223	3.63025993962302	FALSE
19	3	SCAF_19	3200655	4200854	3700754.5	0.713372378546594	0.000617312570204905	nfkb1,LOC140365180,mgat4b,canx,maml1,LOC140365183,LOC140365179,matr3l1.2,LOC140366116,matr3l1.1,tgfbi,stard15,arap3,LOC140365190,LOC140365192	0.422228394913213	0.7	270	3.68590298861305	FALSE
19	4	SCAF_19	4205768	5505583	4855675.5	0.673410278403472	0.00060695532173914	LOC140365192,LOC140365193,LOC140365199,LOC140365195,LOC140366259,twist3,LOC140365202,LOC140366261,LOC140365197,LOC140365198,LOC140365205,LOC140365206,faim2b,LOC140365207,LOC140365209,LOC140365211,LOC140365210,esyt1b,zc3h10	0.0452528839109104	0.65	223	3.63025993962302	FALSE
19	5	SCAF_19	5505677	6769946	6137811.5	0.767349544285605	0.000344986183035301	LOC140365216,itpr1a,LOC140365220,ttll3,slc4a8,LOC140366119,scn8ab,LOC140365222,atf1,dip2bb,atf7b,larp4ab,espl1,pfkmb,c1ql4b,smarcc2,myl6,tsfm,endou,LOC140365237,cpne5b	0.942937539191183	0.75	143	3.49876676547149	FALSE
19	6	SCAF_19	6769965	7534259	7152112	0.741532416307833	0.000753673472605146	cpne5b,kif21b,LOC140365250,LOC140365241,b3galt6,dnajc16l,cdab,LOC140366125,camk2n1,znf740a,ddx19b,pusl1,LOC140365247,LOC140365248,LOC140366128,LOC140365249,cdk4,LOC140365260,mettl1	0.683749502258439	0.7	270	3.68590298861305	FALSE
19	7	SCAF_19	7630221	8390944	8010582.5	0.742091586106287	0.000530348115165434	LOC140366130,mcrs1,suox,inka2,LOC140366278,LOC140365269,LOC140366282,fezf2,cadpsa	0.695859101545019	0.7	270	3.68590298861305	FALSE
19	8	SCAF_19	8391019	8838824	8614921.5	0.750822790511471	0.000410319526467348	LOC140365285,LOC140365284,atxn7,psmd6,prickle2b,adamts9,magi1b,slc25a26,lrig1	0.782773469900977	0.75	143	3.49876676547149	FALSE
19	9	SCAF_19	8840453	9263457	9051955	0.615073985141645	0.000914777420891566	lrig1,kbtbd8,suclg2,LOC140365315	-0.498547617827992	0.6	145	3.50292622822017	FALSE
19	10	SCAF_19	9268916	9930096	9599506	0.689510357668318	0.000729762026019885	LOC140365315,tafa4b,eogt,fgd5a,LOC140365296,sfmbt1,LOC140365298,wnt4,sox13,etnk2,klhdc8a,LOC140366138,cdk18	0.19613871353133	0.65	223	3.63025993962302	FALSE
19	11	SCAF_19	9956377	10606642	10281509.5	0.65083385732006	0.000739492659823791	uqcrc1,rab7a,gata2a,bin2b,txnrd3,LOC140365338,phactr3b,LOC140365330,rpn2,mybl2b,igsf8,soat2,kif5ab,dctn2,mars1,arhgap9,LOC140365345,gli1,r3hdm2,LOC140365355	-0.166845833672542	0.65	223	3.63025993962302	FALSE
19	12	SCAF_19	10615317	11330618	10972967.5	0.595829897343999	0.00115325978907448	LOC140365355,LOC140365358,shmt2,rims4,abraa,lsm3,LOC140365351,grip2b	-0.670837068277283	0.55	91	3.36155570775314	FALSE
19	13	SCAF_19	11340188	12108242	11724215	0.647238249629529	0.000728713903410558	LOC140365357,LOC140365368,tmem74b,mcm2,podxl2,blcap,ripor3,chd6,rspo4,LOC140365370,LOC140366149	-0.200678560370718	0.6	145	3.50292622822017	FALSE
19	14	SCAF_19	12109389	12796459	12452924	0.715776428651978	0.000572648793591998	ptprt,LOC140366150,rbl1	0.445794728981116	0.7	270	3.68590298861305	FALSE
19	15	SCAF_19	12796985	13491051	13144018	0.714462437425398	0.000677515288479553	rbl1,LOC140365374,sec13,cand2,angpt4,LOC140365379,LOC140365380,matn4,rbpjl,dock3	0.431357804308364	0.7	270	3.68590298861305	FALSE
19	16	SCAF_19	13492267	14605020	14048643.5	0.663385037464747	0.000555263469126847	dock3,manbal,LOC140365393,smpd4,LOC140365388,ssuh2.1,LOC140365389,LOC140365390,apcdd1l,vapb,rab22a,ppp4r1l,cers5,smarcd1,asic1b	-0.0494813873813378	0.65	223	3.63025993962302	FALSE
19	17	SCAF_19	14605030	15209528	14907279	0.735718750442907	0.000370839129402208	asic1b,LOC140365413,rdh5,bloc1s1,LOC140365405,pxmp4,tgm5l,eya2,rtf2,tfap2c,LOC140366157,LOC140365421,LOC140365422,LOC140365436,plxnb1b	0.640100057329267	0.7	270	3.68590298861305	FALSE
19	18	SCAF_19	15216217	16042365	15629291	0.605481504622967	0.000557921684129352	plxnb1b,setd5,mtmr14,LOC140365427,plekha6,LOC140365437,cass4,cstf1,znf831,LOC140365444,cntn4,cntn6,chl1b	-0.597178018019624	0.6	145	3.50292622822017	FALSE
19	19	SCAF_19	16051229	16477051	16264140	0.558080048999517	0.000848537917982086	cntn3b,pdzrn3b,gxylt2,shq1,rybpb	-1.03220925119723	0.55	91	3.36155570775314	FALSE
19	20	SCAF_19	16500837	17205361	16853099	0.780455999843108	0.000367732246583039	foxp1b,LOC140365462,eevs,mitfa,frmd4ba,itpr1b,sema3fb	1.06700174852713	0.75	143	3.49876676547149	FALSE
19	21	SCAF_19	17207603	17893877	17550740	0.652524265915318	0.00105431255672361	sema3fb,LOC140365474,grm6b,ccdc120b,mbd1b,gnl3l,gata1a,mafbb,zhx3a,fam83d,top1a,cyld2,myh7ba,trpc4apa,sla2a,ndrg3a,phf20a,arhgap46a,sulf2a,LOC140365507,LOC140365508	-0.148934885610619	0.65	223	3.63025993962302	FALSE
19	22	SCAF_19	17894970	18578377	18236673.5	0.63925352858701	0.000727972297029865	LOC140365514,LOC140366174,dnah1,LOC140365525,mfsd4aa,elk4,nucks1a	-0.275643554164972	0.6	145	3.50292622822017	FALSE
19	23	SCAF_19	18585933	19597043	19091488	0.720051767115731	0.000495992427228486	epha8,p3h1,cunh1orf50,cfap57,efcc1,acad9,iqsec1b,hdac11,fbln2,wnt7aa,ptpdc1a,barx1,LOC140365549,LOC140365551,col2a1b,LOC140365559,gdf5	0.48788175401756	0.7	270	3.68590298861305	FALSE
19	24	SCAF_19	19599647	20422617	20011132	0.760870151962855	0.000394167582024844	pcbp4,dag1,nicn1,grm7	0.879087991057844	0.75	143	3.49876676547149	FALSE
19	25	SCAF_19	20425214	21688060	21056637	0.808249273406758	0.000413046794025554	grm7,rnf123,cyp24a1,slc12a5a,rplp2,tafa3a,tspan2a,LOC140365588,tulp1a,tnnt2b,LOC140365610,csrp1b,nav1b,LOC140365615,LOC140365618,LOC140365747	1.32942188170834	0.8	28	2.98439383856425	FALSE
19	26	SCAF_19	21693935	22331651	22012793	0.758427355303231	0.000519348787385426	LOC140365747,pacsin1b,anks1ab,LOC140365624,phc2b,pank4,agtrap,rnf207a,rpl22,chd5,arhgef10la	0.850987993613637	0.75	143	3.49876676547149	FALSE
19	27	SCAF_19	22331662	22929635	22630648.5	0.742308556894808	0.000555326408790095	igsf21a,klhdc7a,cfap107,aadacl4,ephb2b,lactbl1b,alpl,eif4g3a	0.69713346546699	0.7	270	3.68590298861305	FALSE
19	28	SCAF_19	22937723	23421373	23179548	0.705307380500634	0.000431721404889272	eif4g3a,sh2d5,kif17,pfkfb2b,ora2,LOC140365659,LOC140365660,LOC140365662,lrig2,rap1gapb	0.349038996975469	0.7	270	3.68590298861305	FALSE
19	29	SCAF_19	23422167	23944239	23683203	0.612344060841895	0.000313835313574337	rap1gapb,rad18,srgap3,thumpd3,LOC140365676,LOC140365682,eps8l3a,LOC140365687,LOC140365688,LOC140365690,strip1,LOC140365693,srsf3b,cdkn1a,usp49,nuak2,dstyk,celsr2	-0.538174833612599	0.6	145	3.50292622822017	FALSE
19	30	SCAF_19	23945443	25259875	24602659	0.733388658806011	0.000555891921325447	celsr2,LOC140365706,ora4,LOC140365713,necap2,fbxo42,LOC140365752,LOC140365721,prkar2ab,slc25a20,nckipsd,LOC140365726,LOC140365730,LOC140365785,LOC140365788,cacna1da,wnk2,erc2,bsnb,hyal2b,LOC140365808,LOC140365814,LOC140365799,frs3,sfi1,eif4enif1,slc6a22.1,LOC140365842,cadpsb,ca16b	0.612735926166908	0.7	270	3.68590298861305	FALSE
19	31	SCAF_19	25259876	26161069	25710472.5	0.666429904391943	0.000742874297974502	ca16b,cfap20dc,pbrm1l,kcnb1,ptgis,LOC140365864,grm2b,tex264b,LOC140365875,LOC140365876,uba7,LOC140365881,LOC140365882,rbm6,sema3fa	-0.0205055106102848	0.65	223	3.63025993962302	FALSE
19	32	SCAF_19	26201253	27149223	26675238	0.631187348396798	0.000659295842787265	LOC140366254,epha2a,h6pd,tardbpb,gnb1b,mst1,abhd14b,cacna2d2a,LOC140365906,zmynd10,hemk1,twf2,brpf3a,plch2b,skib,tmem51b,kaznb	-0.352434868407544	0.6	145	3.50292622822017	FALSE
19	33	SCAF_19	27151362	27972125	27561743.5	0.668039886144481	0.000517269146744831	kaznb,prdm2b,LOC140366267,foxj3,ppcs,utp3,fam83e,mych,gm2a,shtn3,tnip1,dnajc14,nab2,dgkab,LOC140365947,ankrd52b,ctsz,kdm5ba	-0.00545578306634614	0.65	223	3.63025993962302	FALSE
19	34	SCAF_19	27976173	29233639	28604906	0.733344039667438	0.000473232909164775	kdm5ba,inavab,gdf11,LOC140365951,avil,olfml3b,LOC140365954,pmela,prph,timeless,LOC140365959,mmp19,LOC140365961,cttnbp2nla,LOC140365963,tox2,snta1,cbfa2t2,necab3,rbck1,tbc1d20	0.614591087280349	0.7	270	3.68590298861305	FALSE
19	35	SCAF_19	29240616	29815989	29528302.5	0.681183150314492	0.000447257796582096	LOC140365772,LOC140365974	0.119467598334622	0.65	223	3.63025993962302	FALSE
19	36	SCAF_19	29816069	31013150	30414609.5	0.737079535219419	0.000486749064919304	serinc3,LOC140365978,LOC140365979,ipo9,tubb1,slc32a1,ppp1r16b,raly,ahcy,LOC140365993,LOC140365775,LOC140365994,znf362a,trim62.1,mmel1,prxl2b,slc45a1	0.649663620947068	0.7	270	3.68590298861305	FALSE
19	37	SCAF_19	31021451	32182463	31601957	0.7370746869769	0.00048407778313403	LOC140366001,odad1,pax7a,park7,kcnab2a,megf6b,iffo2b,mrto4,pparg,syn2b,vgll4b,atg7,slc6a1b,slc6a11b	0.649695756402739	0.7	270	3.68590298861305	FALSE
19	38	SCAF_19	32191219	33097134	32644176.5	0.704249811158568	0.000482355025678987	slc6a11b,atp2b2,poc1a,alas1,LOC140366030,itga7,gpr61l,parp3,grm2a,tex264a,fancd2,usp4,LOC140366043,LOC140366044,LOC140366045,col7a1	0.338204686185198	0.7	270	3.68590298861305	FALSE
19	39	SCAF_19	33102788	34014987	33558887.5	0.653061544208351	0.000612389424648629	LOC140366050,LOC140366046,sec61a1a,uroc1,LOC140366052,LOC140366054,LOC140366055,LOC140366059,ghrl,tatdn2,vhl,crbn,LOC140366316,LOC140366067,erbb3a,prkag1,LOC140366076,ankrd33ab,arhgef25b,os9,stat2,c1galt1lb	-0.146766995733716	0.65	223	3.63025993962302	FALSE
20	0	SCAF_20	424768	2402910	1413839	0.722302884600293	0.000418074332621022	LOC140369083,abca5,rpl38,ttyh2,kif19,LOC140368953,prph2a,LOC140369122,bbs1,LOC140369441,heatr1,LOC140368964,LOC140369411,cep131,exoc7,tvp23b,trim16,cox11,LOC140368980,ankfn1a,LOC140369445,stxbp4,LOC140368843,LOC140369413,LOC140369451,LOC140369237	0.511028396130921	0.7	270	3.68590298861305	FALSE
20	1	SCAF_20	2403084	3034898	2718991	0.796460565696896	0.000257113666238081	LOC140369014,ldb3b,LOC140369454,dock1,LOC140369012	1.22587862646147	0.75	143	3.49876676547149	FALSE
20	2	SCAF_20	3040605	3838303	3439454	0.706449434413139	0.000515589599455982	dock1,LOC140369455,ptprea,entpd1,LOC140369456,LOC140369457,LOC140369139,LOC140369288	0.35854505335233	0.7	270	3.68590298861305	FALSE
20	3	SCAF_20	3839816	4348310	4094063	0.767671033364569	0.000319894192714035	LOC140368870,polr3e,LOC140369278,LOC140369029,LOC140369028	0.947092227307092	0.75	143	3.49876676547149	FALSE
20	4	SCAF_20	4351806	5456738	4904272	0.737812436082206	0.000380804727033005	LOC140369028,LOC140368792,LOC140369062,polr3a,qrfprb,tbata,adamts14,pald1a,ppa1a,LOC140369416,ascc1,anapc16,dnajb12b,scd,sec31b,fbxl15	0.659772754603713	0.7	270	3.68590298861305	FALSE
20	5	SCAF_20	5456937	6442656	5949796.5	0.786724162249224	0.000363144930997764	fbxl15,LOC140369229,ghitm,LOC140369192,LOC140368723,rgrb,LOC140368658,LOC140369465,LOC140369209,LOC140368659,pgs1,LOC140369091,tha1,LOC140369236,LOC140369345,eef2k,adam9b	1.12703782919495	0.75	143	3.49876676547149	FALSE
20	6	SCAF_20	6442707	6899441	6671074	0.699979921725739	0.00055093198673675	adam9b,acadsb,LOC140369230,bub3,LOC140369468,LOC140369469,cpxm2,LOC140368702,chst15,LOC140369240,LOC140368847	0.296763890310092	0.65	223	3.63025993962302	FALSE
20	7	SCAF_20	6907405	7463934	7185669.5	0.712645410069281	0.000506961012216245	lhpp,LOC140369375,LOC140368918,ctbp2l,LOC140369329,LOC140369423,timp2a,arl3b,LOC140369472,LOC140369473,rnf157,mxra7,st6galnac1.1,LOC140369476,LOC140368736,LOC140369378,LOC140369424,lrrc59,LOC140368735	0.417425110809163	0.7	270	3.68590298861305	FALSE
20	8	SCAF_20	7464038	8126850	7795444	0.682658888050377	0.000574625744879282	LOC140368735,LOC140369478,rgs9b,LOC140369335,LOC140369171,LOC140369005,chac2,nrxn1a,fbxo11b,msh2,LOC140369425,gch2	0.132734369085819	0.65	223	3.63025993962302	FALSE
20	9	SCAF_20	8127045	8681374	8404209.5	0.585544062067822	0.000951123186565171	gch2,cox7a2l,mta3,ppm1bb,prkcea,glud1b,sncgb,LOC140369255,LOC140369004,LOC140369019,dusp29,kat6b	-0.772296639787643	0.55	91	3.36155570775314	FALSE
20	10	SCAF_20	8691799	9338960	9015379.5	0.671344626473914	0.000558553804170461	LOC140368636,vcla,LOC140368988,LOC140369228,LOC140369355,pde6gb,gprc5c,LOC140368916,LOC140369388,LOC140369274,LOC140369179	0.0258125570844844	0.65	223	3.63025993962302	FALSE
20	11	SCAF_20	9356552	10303461	9830006.5	0.709672849530279	0.000522171202068691	aatkb,sdk2b	0.388977906519207	0.7	270	3.68590298861305	FALSE
20	12	SCAF_20	10307345	11199866	10753605.5	0.730755709668273	0.000432351962792489	sdk2b,cdc42ep4b,pmp22b,LOC140368610,cox10,LOC140369279,fbxw10,ppp1r9bb,col1a1b,LOC140369259,gngt2b,LOC140369393,tanc2b	0.591105384742221	0.7	270	3.68590298861305	FALSE
20	13	SCAF_20	11209405	12056726	11633065.5	0.698442129550385	0.000587846426674157	gngt2b,tanc2b,coa3a,wnk4a,vps25,arhgap27,sema4gb,LOC140368810,scn4aa,plekhm1,LOC140368851,LOC140369317,gucy2g,ank3b,nbr1a,arl4d,dusp3a,sost	0.281748370417609	0.65	223	3.63025993962302	FALSE
20	14	SCAF_20	12077130	13141338	12609234	0.700911188187253	0.000623013965233097	meox1,etv4,dhx8,LOC140369558,wnt3,LOC140369479,cdk5r1b,skap1,snx11,hoxb6b,ttll6,LOC140369512,calcoco2,srcap,LOC140369486	0.304594153911015	0.7	270	3.68590298861305	FALSE
20	15	SCAF_20	13143192	13733160	13438176	0.718246190439843	0.000553601501458665	tex47,ndel1a,acsf2,chad,slc16a5a,LOC140369485,LOC140369500,LOC140369498,mapta,LOC140369349,LOC140369100,fam171a2b,map3k14b,grb7,srcin1b,fmnl1b,ccr10,LOC140369145,LOC140369516,LOC140369235,LOC140368597	0.46954026303935	0.7	270	3.68590298861305	FALSE
20	16	SCAF_20	13739520	14315215	14027367.5	0.713545245819019	0.000539383273251298	LOC140368597,coasy,vti1a,tcf7l2,aldh18a1,LOC140368992,LOC140368991,med1,LOC140369382,arhgap23b,cabcoco1,LOC140369169,LOC140368795,fmn2b,ryr2a	0.425336728646785	0.7	270	3.68590298861305	FALSE
20	17	SCAF_20	14341892	15357206	14849549	0.695663802560221	0.000700156867740382	mtr,reep3b,jmjd1cb,cyp26a1,exoc6,rac3b,rfng,fasn,slc16a3b,ipmkb,naglu,LOC140368586,cavin1b,mbtd1,tmem94,myo15b,llgl2,kcnh4b,LOC140369367,LOC140368589,LOC140368665,fkbp10b,LOC140368934,dbf4b,LOC140368929,LOC140368950,LOC140369089,LOC140369166,becn1,cpn1,dnmbp,LOC140369528,nrap,LOC140368878,dclre1a,nhlrc2,ccdc186	0.254232883598837	0.65	223	3.63025993962302	FALSE
20	18	SCAF_20	15375444	16180646	15778045	0.732200915178198	0.000536333275664382	vwa2,afap1l2,atrnl1b,LOC140369180,nrg3b,cep55l,plce1	0.602027258639268	0.7	270	3.68590298861305	FALSE
20	19	SCAF_20	16196792	16855408	16526100	0.770549158446045	0.000383318791525091	pcdh15b,svild,LOC140369032	0.971797444619117	0.75	143	3.49876676547149	FALSE
20	20	SCAF_20	16861386	18028349	17444867.5	0.745872208356766	0.000474744089304329	znf281b,lrp2b,mpp3b,slc4a1b,ngfrb,erbb2,pkmyt1,LOC140368928,pelo,ppp1cab,mto1,LOC140369305,prrt2,nif3l1,prodh2,eif3c,LOC140369071,LOC140368757,aldoab,itgam.1,mmp25b,LOC140368761,LOC140368670,LOC140368675,LOC140368685,LOC140368622,LOC140368763,LOC140368959,LOC140368632,plekha4,LOC140369080,mybpc2b,LOC140369566,LOC140369216,LOC140368633,capn15	0.733495078820488	0.7	270	3.68590298861305	FALSE
20	21	SCAF_20	18059942	18711626	18385784	0.726613539939392	0.000537651152084586	ankfn1b,ntn2,LOC140368895,tbc1d24,eme2,LOC140368744,LOC140368734,prr35,ccdc78,ift140,telo2,rab11fip3,sbk1,LOC140368942,nlrc3,LOC140368767,wdr90,rhot2,rhbdl1	0.549093403308357	0.7	270	3.68590298861305	FALSE
20	22	SCAF_20	18712180	19479667	19095923.5	0.736017408630604	0.000511368372014751	rhbdl1,wdr24,anks3,tsr3,pdpk1b,kctd5b,LOC140369263,rnf40,znf646,LOC140368798,LOC140369059,LOC140368608,LOC140368605,fam234a,med24,lrrc3ca,top2a,raraa,pyyb,mpp2b,ace,itga3b,dlx3b	0.63887720864349	0.7	270	3.68590298861305	FALSE
20	23	SCAF_20	19497693	20652768	20075230.5	0.745787938306375	0.000544152779901304	kat7b,aarsd1,LOC140369401,LOC140368613,slc38a10,bahcc1b,fscn2b,faap100,tmem235b,LOC140369048,eif2ak1,pms2,LOC140368774,tecpr1a,baiap2l1a,trrap,fam20cb,noxo1b,tex2l,msrb1b,LOC140369142,grid2ipb,arhgap17a,lcmt1,LOC140369111,hbae4,LOC140369432,rhbdf1b	0.730413611787584	0.7	270	3.68590298861305	FALSE
20	24	SCAF_20	20667490	21658685	21163087.5	0.710795718788578	0.000520600547682802	foxj1b,ubald1a,mrtfba,cpped1,shisa9a,snx29,LOC140369553,rsl1d1,gspt1,tnrc6ba,cdc42ep1a,sh3bp1,LOC140368776,plbd1b,gucy2cb,aco2,zc3h7bb,chadlb,l3mbtl2,ep300a	0.39964418977181	0.7	270	3.68590298861305	FALSE
20	25	SCAF_20	21673442	22494486	22083964	0.694674412048633	0.000728285969864135	cbx7b,shisa8b,mrtfab,mms19,LOC140369031,LOC140368694,antxr1c,frmpd2,arhgap22b,LOC140369314,lrrc18b,vstm4b,LOC140369433	0.244629568067682	0.65	223	3.63025993962302	FALSE
20	26	SCAF_20	22499868	24011254	23255561	0.596684583219503	0.000570334121059867	LOC140369323,LOC140369163,LOC140369239,LOC140369159,LOC140369095,LOC140369090	-0.680009547762389	0.55	91	3.36155570775314	FALSE
20	27	SCAF_20	24011538	24887365	24449451.5	0.749913103168554	0.000591410189218362	LOC140368780,sstr2a,usp22,cops3,pemt,glp2r,gsg1l2b,hs3st3l,dhrs7cb,mprip,LOC140369200	0.767833564562362	0.7	270	3.68590298861305	FALSE
20	28	SCAF_20	24892565	25884419	25388492	0.737292078382885	0.000556152003445999	bsk146,LOC140368854,LOC140368896,LOC140368781,mrpl27,LOC140369087,ca10a	0.64965369302344	0.7	270	3.68590298861305	FALSE
20	29	SCAF_20	25884994	27344045	26614519.5	0.753182391784904	0.000502533554565415	pkd1b,spata20,cacna1g	0.801896218038206	0.75	143	3.49876676547149	FALSE
20	30	SCAF_20	27345845	27877285	27611565	0.696143258196111	0.000692586457299976	cacna1g,LOC140368920,LOC140368785,LOC140368968,ogfod3	0.258825980454693	0.65	223	3.63025993962302	FALSE
20	31	SCAF_20	27885054	29701560	28793307	0.703567784996484	0.000504913830205677	ogfod3,hexd,cybc1,narf,fdxr,trim65,wbp2,unc13d,unk,LOC140369197,itgb4,LOC140369108,daglb,spag9b,abcc3,LOC140368789,shisa6	0.331395023381457	0.7	270	3.68590298861305	FALSE
20	32	SCAF_20	29701670	30681717	30191693.5	0.805902511107506	0.000318267930153068	dnah9,LOC140369439,LOC140368738,adprm,myocd	1.31273003119845	0.8	28	2.98439383856425	FALSE
21	0	SCAF_21	28314	330098	179206	0.595620609689593	0.000589783232222436	npas3,egln3,snapc1b,syt16,LOC140370314,LOC140370811,LOC140370113,LOC140370956	-0.689469007445466	0.55	91	3.36155570775314	FALSE
21	1	SCAF_21	333380	994253	663816.5	0.697724239593305	0.000736656998174268	LOC140370956,brf1a,LOC140370107,LOC140370096,vps29,eif5,mark3a,trmt61a,bag5	0.27315940335123	0.65	223	3.63025993962302	FALSE
21	2	SCAF_21	1012246	1660885	1336565.5	0.838752179701258	0.000274264860983008	LOC140370929,LOC140370930,LOC140370121,LOC140370108,LOC140370962,LOC140370931,tnfaip2b,exoc3l4,mideasb,smc6,tdrd6b	1.63011933145441	0.8	28	2.98439383856425	FALSE
21	3	SCAF_21	1661684	2419786	2040735	0.732636520497848	0.000565844085754869	adgrf3a,LOC140370106,cenpo,LOC140370965,coq8ab,fuca2,hivep2b,txlnbb,dusp23b,fbxo30a,shprh,LOC140370968,stxbp5b,LOC140370939,LOC140370694,LOC140370971	0.605351396086819	0.7	270	3.68590298861305	FALSE
21	4	SCAF_21	2443704	2803467	2623585.5	0.845383419449575	0.000272555938620336	LOC140370971,LOC140370900,cdca4,ahsa1b,larp1b,pgrmc2,jade1,ttbk2a,tmem62,LOC140370365,LOC140370787,afg1la,foxo3a	1.69378770323879	0.8	28	2.98439383856425	FALSE
21	5	SCAF_21	2803575	3455401	3129488	0.718245358022568	0.000604074886892654	foxo3a,LOC140370775,dpysl5a,LOC140370943,LOC140370672,asxl2,LOC140370704,hadhab,rps6ka5,mbip	0.468475383381243	0.7	270	3.68590298861305	FALSE
21	6	SCAF_21	3457447	4230453	3843950	0.737462426768101	0.000533766265803369	nkx2.1,pax9,slc25a21,plekhh1,mta1	0.651918406981115	0.7	270	3.68590298861305	FALSE
21	7	SCAF_21	4232058	5203353	4717705.5	0.705379824315331	0.000570251390008531	mta1,crip2,lgals3a,cnih1,cdkn3,LOC140370973,sos2,l2hgdh,map4k5,cdkl1,atl1,sav1,nin,pygl,trim9,frmd6,LOC140370866	0.347556458134733	0.7	270	3.68590298861305	FALSE
21	8	SCAF_21	5215678	6291009	5753343.5	0.740178788319859	0.000565851998112893	rin3,LOC140370975,LOC140370431,gphna,pals1a,ccdc88c,gpr68,LOC140370893,LOC140370887,LOC140370948,dglucy,apoba,LOC140370977,LOC140370890,LOC140370891	0.67666728532886	0.7	270	3.68590298861305	FALSE
21	9	SCAF_21	6291621	6933454	6612537.5	0.743240871111697	0.000520638159742137	bcl11ba,vrk1,LOC140370654,ak7b,LOC140370981	0.707051437048335	0.7	270	3.68590298861305	FALSE
21	10	SCAF_21	6935228	7268718	7101973	0.687136923671683	0.000571191405232956	""	0.175086811666274	0.65	223	3.63025993962302	FALSE
21	11	SCAF_21	7269398	7960661	7615029.5	0.734753302823496	0.00052331709750628	dicer1,clmna,syne3,gabrr2a,LOC140371108,rragd	0.626558980988894	0.7	270	3.68590298861305	FALSE
21	12	SCAF_21	7965658	8639077	8302367.5	0.554633970982752	0.00109600812613324	LOC140371108,rragd,LOC140370776,ankrd6a,gja10a,LOC140371107,LOC140371113,LOC140370764,LOC140370910,cart1,LOC140371088,diras1b,LOC140370989,LOC140370472,stag1a	-1.0530873659324	0.55	91	3.36155570775314	FALSE
21	13	SCAF_21	8645932	9474424	9060178	0.709899673289325	0.000636252375011691	LOC140370848,atr,LOC140370722,gyg1a,hltf,LOC140370410,LOC140370249,nceh1a,ppp2r3a,pld1a,LOC140370736,slc2a2,eif5a2,slc7a14a,cldn11a,grin3ba	0.389139594130568	0.7	270	3.68590298861305	FALSE
21	14	SCAF_21	9480470	10026967	9753718.5	0.705574316687147	0.00061134557127965	grin3ba,plppr3a,palm1b,ptbp1a,efna2a,LOC140370375,sptb,stard9,cdan1,rtf1,trip11	0.348755281051776	0.7	270	3.68590298861305	FALSE
21	15	SCAF_21	10028090	10695278	10361684	0.555597493805911	0.00088440763783845	trip11,fbln5,LOC140370466,LOC140370094,LOC140370091,LOC140370992,neff2,loxl3b,LOC140370850,rab11fip5a,sfxn5a,LOC140370996,LOC140370997,LOC140371000,LOC140370468,smoc1,plekhd1,rbm25a,zfyve26	-1.05374523859961	0.55	91	3.36155570775314	FALSE
21	16	SCAF_21	10699641	11578579	11139110	0.667489182220545	0.000655568791023857	zfyve26,dnaaf9,ky,slc4a11,eif2ak3,atrn,gfra4a,LOC140371001,paplna	-0.0106086533599334	0.65	223	3.63025993962302	FALSE
21	17	SCAF_21	11580156	12501441	12040798.5	0.712816996044004	0.000496751933829158	paplna,psen1,LOC140370754,exd2,LOC140370842,LOC140371002,LOC140370186,galnt16,vps39,capn3a,pacc1,ezra,kcnk3b,hhipl2,cpxm1a,manba,slc39a8,LOC140370302,srsf5a,pacs2,dcaf5,slc8a3,map3k9,LOC140370189,pcnx1,chp1	0.419244226670408	0.7	270	3.68590298861305	FALSE
21	18	SCAF_21	12510163	13366032	12938097.5	0.718836353012483	0.000443463763870543	ndufaf1,nsd2,letm1,fgfr3,map7a,LOC140370598,slc18b1,LOC140370547,LOC140371007,tulp4b,syne1b,trappc12,eipr1,myt1lb	0.477482931486505	0.7	270	3.68590298861305	FALSE
21	19	SCAF_21	13375688	14026799	13701243.5	0.779927079366941	0.000406227251910252	myt1lb,pxdn,crybg1a,rtn4ip1,iars2,LOC140370530,kif6,daam2,mocs1,nol10,LOC140371013,wdr35,babam2,rbks,LOC140370250,slc4a1ap	1.0601000790252	0.75	143	3.49876676547149	FALSE
21	20	SCAF_21	14028379	14732880	14380629.5	0.710757351446251	0.000552294073540677	LOC140370560,wdr43,alk	0.398713876250919	0.7	270	3.68590298861305	FALSE
21	21	SCAF_21	14756541	15520789	15138665	0.644504758942435	0.000749841257953139	alk,LOC140370442,rock2a,sobpa,pdss2,LOC140371024,LOC140370485,ttc7b,prorp,nfkbiab,insm2,ralgapa1,brms1la,mia2,fbxo33	-0.226128597110936	0.6	145	3.50292622822017	FALSE
21	22	SCAF_21	15522220	16171011	15846615.5	0.578167242283092	0.000641583219259002	lrfn5a,LOC140370414,LOC140370421,lingo2b,c9orf72,kiaa1109	-0.852356228398241	0.55	91	3.36155570775314	FALSE
21	23	SCAF_21	16171213	16976923	16574068	0.65040699966637	0.000820304663671238	kiaa1109,sntg2,tpo,LOC140370081,cd93,gnmt,sertad4,syt14a,LOC140370080,LOC140370653,marcksl1a,olig4,fndc5a,ldlrap1b,maco1b,rsrp1,runx3,clic4	-0.170246473974461	0.65	223	3.63025993962302	FALSE
21	24	SCAF_21	16987230	17892658	17439944	0.691414536195406	0.000694062654329849	srrm1,LOC140370349,ppie,gjb3,hmgcl,gale,ralgapa2,kiz,nkx2.2a,pax1a,prkd3,mocs3,LOC140371089,tiam2a,LOC140370945,tfb1m,col12a1a,erich1,dlgap2a	0.214350629213211	0.65	223	3.63025993962302	FALSE
21	25	SCAF_21	17894450	19053169	18473809.5	0.650442947873931	0.000662041262493565	dlgap2a,arhgef10,arid1b,LOC140370695,LOC140370214,LOC140370216,plcb2,LOC140370906,LOC140370317,xgb,LOC140370318,cep170ba,dnajc17,LOC140370203,crim1,LOC140370193,LOC140371097,LOC140370820	-0.171098068463217	0.65	223	3.63025993962302	FALSE
21	26	SCAF_21	19063261	20094059	19578660	0.602205124530683	0.000701141906623832	LOC140370810,LOC140370868,fsip1,LOC140370132,LOC140370359,exd1,LOC140370376,znf292a,snx14,impg1b,LOC140370289,LOC140370322,rnf144aa,kidins220a,asap2a,LOC140370440,LOC140370781,rpap1,ivd,eml1,evla,degs2,tpp1,mis18bp1,LOC140371060,hif1aa,slc38a6,mnat1	-0.624182503037073	0.6	145	3.50292622822017	FALSE
21	27	SCAF_21	20096886	20983026	20539956	0.702297863443208	0.000624015729649385	mnat1,ppm1aa,pcnx4,mrpl35,rtn1a,tdrd9,tacc3,LOC140371071,reep1,itpk1b,nrxn3a,LOC140370089,rpl13a,rlf,selenon,LOC140370155,mtfr1l,stac,nkl.4,tonsl,LOC140370163,dapp1,atp10d,gabrb1,gabra2a,gabrg1,dlk1	0.31765836681417	0.7	270	3.68590298861305	FALSE
21	28	SCAF_21	20985694	21670475	21328084.5	0.658449015480037	0.000453466889605048	dlk1,LOC140370674,wdr25,fancm,soul3,iqcc,dcdc2b,ncmap,rcan3,nipal3,lin52,pomt2,LOC140370501,arel1,vash1,rps6kl1,prox2,LOC140370136	-0.0966172715007494	0.65	223	3.63025993962302	FALSE
21	29	SCAF_21	21674841	22314272	21994556.5	0.609935053138828	0.000821524329972024	ift43,tgfb3,ttll5,erg28,LOC140370278,ttc8,atg2b,aldh6a1,coq6,fam161b,tmem63c,cipca,pgfb,slc35f4,exoc5,tmem260,peli2,ktn1,msh4,aspg,kif26ab	-0.548620635097252	0.6	145	3.50292622822017	FALSE
21	30	SCAF_21	22318629	23051486	22685057.5	0.778676112234768	0.000398131010679718	kif26ab,cunh14orf180,ubr1,LOC140370541,prima1,LOC140370139,LOC140370917,rrh,enpep,LOC140370828,LOC140370362,LOC140370390	1.04857128238188	0.75	143	3.49876676547149	FALSE
21	31	SCAF_21	23052596	24114298	23583447	0.699512965025056	0.000536392105681721	LOC140370390,nrd1a,LOC140370630,LOC140370496,ebi3,odf3l2a,crlf1a,keap1a,LOC140370085,LOC140370515,d2hgdh,acvr1l,otomp,hs6st1a,uggt1,LOC140370475,pcnt,atg9a	0.292536081137738	0.65	223	3.63025993962302	FALSE
21	32	SCAF_21	24118418	24958404	24538411	0.632754429856079	0.000761945706015798	atg9a,myo10l1,pttg1ipa,LOC140370484,usp40,LOC140370445,fyna,marcksb,LOC140370832,fhl5,manea,LOC140370204,plb1,lclat1,lbh	-0.336152508822975	0.6	145	3.50292622822017	FALSE
21	33	SCAF_21	24972651	25386730	25179690.5	0.77191907019284	0.000322883757400162	bmp4,lbh,LOC140370623,ddhd1a,fermt2	0.987573772553102	0.75	143	3.49876676547149	FALSE
21	34	SCAF_21	25405630	26054085	25729857.5	0.678740620482859	0.000527025401211537	aqr,dph6,cdin1	0.0959037451810637	0.65	223	3.63025993962302	FALSE
21	35	SCAF_21	26088457	26535504	26311980.5	0.688392425119375	0.000544537204428802	cdin1,meis2a,spred1	0.187178460915297	0.65	223	3.63025993962302	FALSE
21	36	SCAF_21	26539552	27535341	27037446.5	0.582788017037982	0.00065675957072616	spred1,fam98b,spata7,kcnk10b,LOC140370557,LOC140370342,LOC140370725,grhl3,cnksr1	-0.808267059991298	0.55	91	3.36155570775314	FALSE
21	37	SCAF_21	27538126	28318427	27928276.5	0.674899917094939	0.000625908167605797	cnksr1,rps6ka1,e2f2,msrab	0.0592623843717994	0.65	223	3.63025993962302	FALSE
21	38	SCAF_21	28326266	28724199	28525232.5	0.602573077296785	0.000973185959749218	LOC140370240,wdr20a,LOC140370234,LOC140370243,LOC140370233,LOC140370223,vgll2b	-0.613397361823646	0.6	145	3.50292622822017	FALSE
21	39	SCAF_21	28727123	28755430	28741276.5	0.462338001529054	0.00101073905962122	LOC140370223	-1.91279259922245	0.45	31	3.01821727293924	FALSE
21	40	SCAF_21	28756788	28805276	28781032	0.422122953863483	0.000771060141703503	LOC140370223,ythdf2	-2.30962656804403	0.4	12	2.69175538018399	FALSE
21	41	SCAF_21	28805278	28856351	28830814.5	0.294372602485202	0.000110058975150789	LOC140370223,dync1h1	-3.61304779293884	0.25	3	2.15785653159225	FALSE
21	42	SCAF_21	28856359	28937790	28897074.5	0.292005373213735	0.000274200437006691	LOC140370223,dync1h1,tmem30b	-3.60840427702898	0.25	3	2.15785653159225	FALSE
21	43	SCAF_21	28941794	28993057	28967425.5	0.414340957298917	0.000289606786977247	tmem30b,kdm1a	-2.43455308961715	0.4	12	2.69175538018399	FALSE
21	44	SCAF_21	28993058	29425301	29209179.5	0.392278424200305	0.000588390374881456	luzp1	-2.61028471759342	0.35	8	2.54368881914556	FALSE
21	45	SCAF_21	29425488	29650596	29538042	0.479008056526836	0.000895866869413203	""	-1.76696100278055	0.45	31	3.01821727293924	FALSE
21	46	SCAF_21	29650644	29886096	29768370	0.568906960113131	0.000600365745710968	""	-0.941346529842426	0.55	91	3.36155570775314	FALSE
21	47	SCAF_21	29887263	30142149	30014706	0.480157334213848	0.000662851940387937	""	-1.77429497262804	0.45	31	3.01821727293924	FALSE
22	0	SCAF_22	250410	1359421	804915.5	0.702176981265583	0.000824127602045962	cldn7a,LOC140371742,chrnb1l,chrnb1,fgf11a,tmem102,tmem256	0.313738547033511	0.7	270	3.68590298861305	FALSE
22	1	SCAF_22	1359446	4517370	2938408	0.646742204395903	0.000743783074629969	nlgn2a,dok1b,sema4f,LOC140372131,syt4,LOC140372047,LOC140371790,LOC140371379,rpgrip1,tdrd7b,dnah2	-0.205198946812427	0.6	145	3.50292622822017	FALSE
22	2	SCAF_22	4521935	6264461	5393198	0.606229496903107	0.000724376417583815	dnah2,LOC140371595,nectin4a,kirrel1a,LOC140372034,LOC140371766,dock11,haus4,fxr2,LOC140372141	-0.585757195669511	0.6	145	3.50292622822017	FALSE
22	3	SCAF_22	6264470	6839633	6552051.5	0.735232793204131	0.000518433838491783	LOC140372008,LOC140372056,LOC140372057,LOC140371834,elavl2	0.631239799921764	0.7	270	3.68590298861305	FALSE
22	4	SCAF_22	6846060	7420001	7133030.5	0.721713739644545	0.000507130473103007	LOC140372005,LOC140371373,LOC140371956	0.503393728422358	0.7	270	3.68590298861305	FALSE
22	5	SCAF_22	7426222	8338499	7882360.5	0.737428292783906	0.000524094477919324	LOC140371956,LOC140372062,LOC140371470	0.651877908061707	0.7	270	3.68590298861305	FALSE
22	6	SCAF_22	8343773	9157470	8750621.5	0.720825054633753	0.000433844170079277	LOC140371470,usp53a,ppargc1a,rpl34	0.496606848221543	0.7	270	3.68590298861305	FALSE
22	7	SCAF_22	9160942	9763842	9462392	0.71032411916676	0.00063647706885314	rpl34,LOC140371495,LOC140371475,LOC140372143,LOC140372173,LOC140372174,sepsecs,LOC140371364,ostc,etnppl,LOC140371374,larp7,LOC140372022,plin2,dennd4c,zdhhc21	0.393136457343809	0.7	270	3.68590298861305	FALSE
22	8	SCAF_22	9763988	10630524	10197256	0.70169903220072	0.00058435716923967	grpel1,sorcs2,afap1,ablim2,LOC140372102,zcchc4,olfcb1,pde5ab,mad2l1,arsj,camk2d1	0.312562523055514	0.7	270	3.68590298861305	FALSE
22	9	SCAF_22	10630663	11133385	10882024	0.670018272699012	0.000637317827180704	camk2d1,aco1,ank2b,LOC140371702,frem1a,tspan5a,rap1gds1,slc1a1,spata6l,trmt10a,LOC140371714,cunh4orf54,focad,mllt3,lrch4,LOC140372045	0.0132205932015682	0.65	223	3.63025993962302	FALSE
22	10	SCAF_22	11140340	11642743	11391541.5	0.699418695011377	0.000533318921977196	LOC140372045,adam19a,rwdd,ing2,LOC140371814,LOC140372148,LOC140372046,sf1,map4k2,men1,rtn3,zfta,ecsit,eml3,mta2,taf6l,kcnk7,ehbp1l1a,LOC140372151,peli3,rce1a	0.291683713108394	0.65	223	3.63025993962302	FALSE
22	11	SCAF_22	11648401	12431076	12039738.5	0.667545074930371	0.000787642726537031	sstr1b,znf16l,LOC140371715,htra3b,acox3,nat16,mtm1,arrb2b,gba2,pelp1,alox12,ache,LOC140371775,tesk1b,faah2b,nelfa,nat8l,poln,svep1,slc7a8a,dhrs4,acin1b,mmp14a,LOC140372156,LOC140372157,LOC140371827,LOC140371826,LOC140371959,LOC140371617,slc7a7	-0.0100237255318326	0.65	223	3.63025993962302	FALSE
22	12	SCAF_22	12436669	13253255	12844962	0.718506513353342	0.000536512685224686	LOC140372089,chd3,sat2a.1,LOC140371744,LOC140371716,rbpjb,cckar,tbc1d19,stim2b	0.472364489112849	0.7	270	3.68590298861305	FALSE
22	13	SCAF_22	13254764	13900819	13577791.5	0.710120284910458	0.000611846549564057	pcdh7b,arap2	0.391643909930052	0.7	270	3.68590298861305	FALSE
22	14	SCAF_22	13916961	14625116	14271038.5	0.732308441539143	0.000405641916780467	arap2,dthd1,LOC140371856,nwd2,rell1,per1b,LOC140371986,ntn5,LOC140371960,dvl2,LOC140371798,trip6,LOC140372162,arhgef15b,hdlbpb,zbtb4,LOC140371711,LOC140372163,tp53,LOC140371932	0.60660919655057	0.7	270	3.68590298861305	FALSE
22	15	SCAF_22	14626564	15352738	14989651	0.629231175957361	0.000749215980754556	LOC140371932,LOC140371937,LOC140371944,ctdnep1a,phf23b,plscr3b,tnk1,trmt44,gpr78b,LOC140372164,coro1b,LOC140371405,LOC140371831,LOC140371829,LOC140372103,LOC140372104,LOC140371456,LOC140371982,slc3a2a,LOC140372012,LOC140372094	-0.369385114149197	0.6	145	3.50292622822017	FALSE
22	16	SCAF_22	15353163	16012005	15682584	0.672696922434146	0.000664256710470278	LOC140372094,LOC140371908,spag17,LOC140372001,LOC140371761,LOC140372169,LOC140371727	0.0384221525784991	0.65	223	3.63025993962302	FALSE
22	17	SCAF_22	16019002	16777233	16398117.5	0.77536265141584	0.000437800671539271	otub1b,LOC140371748,alpk1,LOC140371760,LOC140371416,nrxn2b	1.015177136396	0.75	143	3.49876676547149	FALSE
22	18	SCAF_22	16777234	17195551	16986392.5	0.810788181684705	0.000302338887733243	nrxn2b	1.36043759383285	0.8	28	2.98439383856425	FALSE
22	19	SCAF_22	17195681	17843029	17519355	0.8090653965929	0.000341921013312086	nrxn2b,LOC140371792	1.34152355677567	0.8	28	2.98439383856425	FALSE
22	20	SCAF_22	17844087	18666230	18255158.5	0.705917655524992	0.000799069104968034	LOC140371792,rela,LOC140371466,LOC140371855,LOC140371500,kiaa0232,tbc1d14,ccl36.1,adissp,vax2,shtn2,LOC140371502,f13a1b,LOC140371689,LOC140371504,aadat,cxcl19,trmt10b,LOC140371506,intu,mfap3l,clcn3,nit1,pfdn2,b4gat1,six7,LOC140371399,rin1b	0.349089583957686	0.7	270	3.68590298861305	FALSE
22	21	SCAF_22	18671603	19256459	18964031	0.716085906863215	0.000451806812843342	gal3st3,actn3b,prkd4,LOC140371479,LOC140371472,capn1,pnp5a,LOC140371507,LOC140371508,LOC140371510,LOC140371833,LOC140371776,arhgef11,LOC140372003	0.451162455084147	0.7	270	3.68590298861305	FALSE
22	22	SCAF_22	19256675	19831887	19544281	0.693904425653937	0.000662470277001913	LOC140371620,LOC140371513,col4a5,LOC140371400,LOC140372084,LOC140371514,LOC140371596,col4a6,LOC140371994,LOC140371516,anapc10,abce1,otud4	0.238092731184248	0.65	223	3.63025993962302	FALSE
22	23	SCAF_22	19839586	20209926	20024756	0.638186072051783	0.000866374618832689	LOC140371517,LOC140371473,slc10a7,ttc29,LOC140371520,LOC140371997,LOC140371521,LOC140371917,LOC140371860,LOC140371862	-0.283938156163411	0.6	145	3.50292622822017	FALSE
22	24	SCAF_22	20247489	20920569	20584029	0.678779466141029	0.000620451249981371	LOC140371523,LOC140371950,trpc5a,cnpy3,LOC140371524,dachb,LOC140371525,stk26,LOC140371718,LOC140371527	0.0958707338232722	0.65	223	3.63025993962302	FALSE
22	25	SCAF_22	20921854	21563380	21242617	0.588049624118681	0.00109875949776732	LOC140371529,cyp26b1,dysf,LOC140372033,cmasa,ovol1a,tmem185,LOC140371754,LOC140371845	-0.744269569517484	0.55	91	3.36155570775314	FALSE
22	26	SCAF_22	21563411	21852668	21708039.5	0.613791211013161	0.000469048760496691	LOC140371845,wdr55,ttc39b,LOC140372079,cfi,LOC140371696,LOC140371530,LOC140371848,LOC140372026,LOC140371531,LOC140371947,LOC140371948,LOC140371532	-0.520651620927513	0.6	145	3.50292622822017	FALSE
22	27	SCAF_22	21852775	22203991	22028383	0.494606286272034	0.000515397677605165	LOC140371532,LOC140372111,LOC140371533,LOC140372076,LOC140371534,LOC140371535,LOC140371536,ccdc171,LOC140372075,corin,nfxl1,cnga1b	-1.64907335512699	0.45	31	3.01821727293924	FALSE
22	28	SCAF_22	22204196	22511264	22357730	0.648784938104479	0.000689754777368721	LOC140371538,LOC140371539,LOC140371786,ltb4r,LOC140371910,txk,tec,LOC140371398,LOC140371396,LOC140371541	-0.186479523470549	0.6	145	3.50292622822017	FALSE
22	29	SCAF_22	22511774	22603951	22557862.5	0.190945449056714	0.000293912197885893	LOC140371542,LOC140371460	-4.57255136349388	0.15	2	1.98397151852355	FALSE
22	30	SCAF_22	22604186	22680089	22642137.5	0.350407500838869	0.000546383619038229	LOC140371459,LOC140371463,LOC140371746,LOC140371880,LOC140371543	-3.01144695735168	0.35	8	2.54368881914556	FALSE
22	31	SCAF_22	22680485	22926270	22803377.5	0.53435189811749	0.000668894766421688	LOC140371693,LOC140371695,rbm46,LOC140371694	-1.26372621437211	0.5	38	3.08510909216493	FALSE
22	32	SCAF_22	22927043	23063939	22995491	0.548265127833654	0.000386979574408365	LOC140371694,LOC140371546,LOC140371451,LOC140371952	-1.14718729818636	0.5	38	3.08510909216493	FALSE
22	33	SCAF_22	23072275	23404266	23238270.5	0.553463754274375	0.000737699883852591	LOC140371952,cyp17a2,LOC140372113,kif1ca,LOC140371450,LOC140371923,LOC140371549,LOC140371550,LOC140371955,LOC140372115	-1.08055204931062	0.55	91	3.36155570775314	FALSE
22	34	SCAF_22	23404294	23523982	23464138	0.789157331766779	0.000135060384566619	LOC140372115,ndrg2,LOC140372116,LOC140372117,LOC140372118	1.16239010906038	0.75	143	3.49876676547149	FALSE
22	35	SCAF_22	23524001	24119637	23821819	0.61701138674888	0.00071409278774989	LOC140372118,LOC140371968,LOC140371883,LOC140371977,arhgef40,znf219,pcp4l1,LOC140372055,LOC140371680,LOC140371781,LOC140371983,LOC140371555,trim2b	-0.484743420456914	0.6	145	3.50292622822017	FALSE
22	36	SCAF_22	24120585	24798238	24459411.5	0.7068769227392	0.00067859248685618	fgb,fga,LOC140371659,LOC140371660,LOC140371639,LOC140371630,LOC140371557,LOC140371653,LOC140371678,pea15,casq1b,LOC140371558,tkfc,LOC140371559,LOC140371676	0.359970990459886	0.7	270	3.68590298861305	FALSE
22	37	SCAF_22	24799392	25456306	25127849	0.663682860265291	0.000700053080945471	LOC140371676,LOC140371645,tox4b,supt16h,LOC140371560,gc2,LOC140371672,lpcat4,LOC140371679,cyld3,LOC140371561,khnyn,LOC140372124,LOC140372125,LOC140371638,vbp1,LOC140371675,LOC140371657,LOC140371651,LOC140371636	-0.0463645656474856	0.65	223	3.63025993962302	FALSE
22	38	SCAF_22	25468983	26692721	26080852	0.587132487257473	0.000650268965661859	LOC140371636,LOC140371648,LOC140371625,LOC140371562,gpr185b,nhsl2,LOC140371576,ccnb3,tnfsf10l	-0.767574692967794	0.55	91	3.36155570775314	FALSE
22	39	SCAF_22	26697551	27394283	27045917	0.611150170939773	0.00088380210884275	tnfsf10l,LOC140371437,shroom4,phka1a,hdac8	-0.535803788432677	0.6	145	3.50292622822017	FALSE
22	40	SCAF_22	27397240	28754906	28076073	0.648575375677223	0.00044777686646764	LOC140371581,ctc1,LOC140371719,LOC140372000,LOC140371907,irs4b,ephb4b,LOC140372038,LOC140371988,LOC140371354,LOC140371586,LOC140371361	-0.190499283559025	0.6	145	3.50292622822017	FALSE
